"specification","flipped_village","original_domlow","households_reclassified","n","villages","estimate","standard_error","lower","upper","p_value"
"baseline",NA,NA,0,1295,90,566.533721950646,209.033476168458,151.188657320167,981.878786581125,0.00806590483246135
"baseline",2,0,7,1295,90,566.119137477909,209.870888781518,149.110151822582,983.128123133237,0.00835748780044898
"baseline",3,0,2,1295,90,564.709350028439,209.213683267461,149.006217730741,980.412482326137,0.00831737684464762
"baseline",5,0,9,1295,90,558.580740076258,210.266310636234,140.78605961829,976.375420534225,0.00935606332949102
"baseline",6,0,9,1295,90,571.734076796779,210.557056449762,153.361690600361,990.106462993197,0.00795253108746516
"baseline",8,1,15,1295,90,538.239067390041,209.840031556257,121.291394384032,955.18674039605,0.0119920750680534
"baseline",9,0,7,1295,90,568.853551132609,210.304645079025,150.982700953358,986.72440131186,0.00818675508174808
"baseline",10,1,14,1295,90,566.923601099153,207.985462107165,153.660918085246,980.18628411306,0.00772428598786237
"baseline",11,0,7,1295,90,559.094217745862,210.283234015187,141.26591089439,976.922524597333,0.00929902810355755
"baseline",12,0,10,1295,90,558.955280080444,210.584424546002,140.528514059751,977.382046101137,0.00941358133518057
"baseline",15,0,7,1295,90,557.228469850254,210.644751536646,138.681835384145,975.775104316363,0.0096474043100006
"baseline",17,0,12,1295,90,562.812952098498,211.290671708603,142.98288800913,982.643016187866,0.00917412133210327
"baseline",18,1,12,1295,90,566.280808509414,208.174364546801,152.642780371664,979.918836647164,0.00784506334130125
"baseline",20,1,9,1295,90,577.608241901559,208.022216257368,164.272529174081,990.943954629038,0.006695432488044
"baseline",22,0,5,1295,90,563.250883861674,209.600374342197,146.779404635185,979.722363088162,0.00859693831303526
"baseline",23,1,15,1295,90,540.177312729695,210.092516865973,122.727956791344,957.626668668047,0.0117961527354115
"baseline",24,0,7,1295,90,560.559163281815,210.246110483192,142.804620097668,978.313706465963,0.00911092071446336
"baseline",25,1,13,1295,90,523.799992852876,211.655210851821,103.245597250796,944.354388454955,0.0152270837593616
"baseline",26,0,14,1295,90,555.29502494005,211.315235632862,135.416152856402,975.173897023697,0.0101206304088738
"baseline",27,0,11,1295,90,562.961708258227,211.502620022761,142.71050738323,983.212909133224,0.00922381802769583
"baseline",29,0,11,1295,90,597.160016650409,209.906392227321,180.080486404512,1014.23954689631,0.00551229922095131
"baseline",30,0,11,1295,90,554.922072179876,210.699169677494,136.267310027035,973.576834332717,0.00995881703226393
"baseline",33,0,4,1295,90,567.324575931036,209.748470055631,150.558833676467,984.090318185606,0.0081894195883426
"baseline",37,1,15,1295,90,593.69186415184,207.892778291253,180.613341905939,1006.77038639774,0.00534253120001754
"baseline",39,0,11,1295,90,612.572928229239,206.903940160373,201.459206286656,1023.68665017182,0.00393448366278215
"baseline",41,1,14,1295,90,568.824281060617,207.569581073896,156.387944801344,981.26061731989,0.00741484886841916
"baseline",42,1,10,1295,90,573.311405284267,208.211821269036,159.598951437283,987.023859131252,0.00714724195513774
"baseline",45,1,15,1295,90,554.461829117531,208.882714771668,139.416324171181,969.507334063881,0.00941068934424667
"baseline",46,0,21,1295,90,562.840732861761,213.360006614577,138.898944392077,986.782521331444,0.00984346945715429
"baseline",47,1,30,1295,90,553.745928519497,208.115531100873,140.224801185625,967.267055853369,0.00924823392829352
"baseline",48,1,30,1295,90,544.395432911136,210.491452974899,126.153399421883,962.637466400388,0.0113247539560463
"baseline",49,1,24,1295,90,555.003269094498,207.708990605687,142.289929065048,967.716609123948,0.00896616714891012
"baseline",51,0,20,1295,90,571.454767553692,212.358475738211,149.502999602246,993.406535505138,0.00850868084706665
"baseline",52,1,30,1295,90,604.151495434566,208.030865825149,190.798596200147,1017.50439466899,0.00464375234266925
"baseline",54,1,30,1295,90,570.620818978206,206.668737989177,159.974438739867,981.267199216544,0.00699721605225164
"baseline",55,0,12,1295,90,563.302589537972,210.916754537659,144.215490902649,982.389688173295,0.00899805624522919
"baseline",56,0,16,1295,90,582.225879164371,211.135204277097,162.704725549872,1001.74703277887,0.00706537075649435
"baseline",58,1,12,1295,90,550.315956091192,214.151676948776,124.801135530423,975.830776651961,0.0118402823288319
"baseline",59,1,14,1295,90,516.31263936922,214.898657847073,89.3135836745968,943.311695063843,0.0183567546934116
"baseline",60,1,15,1295,90,502.577817077122,214.242736279051,76.8820635667063,928.273570587538,0.0212063949836757
"baseline",61,1,14,1295,90,535.685139752622,216.457769388124,105.588162635778,965.782116869467,0.015227107099956
"baseline",62,0,9,1295,90,565.931420383957,206.023196041967,156.567718244362,975.295122523551,0.00728035718926922
"baseline",65,0,10,1295,90,539.838095293802,205.217833780991,132.074630812152,947.601559775451,0.0100448860580179
"baseline",68,1,14,1295,90,453.600765565714,214.022168367102,28.3432757981349,878.858255333293,0.0368404715017884
"baseline",69,1,12,1295,90,484.671240245142,218.395743168129,50.7235505072255,918.618929983058,0.0290132715549644
"baseline",70,1,14,1295,90,244.618389435767,274.669091306738,-301.143244403467,790.380023275002,0.375548735799663
"baseline",71,0,3,1295,90,585.378141473303,207.769016895928,172.545530483734,998.210752462871,0.00596300562771635
"baseline",72,0,13,1295,90,634.833262528822,202.472803747095,232.524114254029,1037.14241080361,0.00232562779627237
"baseline",73,0,12,1295,90,562.31704851197,203.945763679376,157.081160226508,967.552936797432,0.00707348989058141
"baseline",74,1,12,1295,90,580.27913757213,214.881800241825,153.313577580059,1007.2446975642,0.00828839457927172
"baseline",75,0,10,1295,90,576.480395608278,204.799001316158,169.549142312913,983.411648903643,0.00600719936318981
"baseline",77,0,9,1295,90,546.237259856376,205.420300936385,138.071497449609,954.403022263143,0.00929002856404503
"baseline",78,0,4,1295,90,554.550234167318,207.133968060642,142.979451686607,966.121016648029,0.00883782839263485
"baseline",79,0,11,1295,90,566.544866393041,204.314697408529,160.575914646222,972.51381813986,0.00676700208412678
"baseline",80,0,12,1295,90,546.507819236003,204.47468221291,140.220981090635,952.79465738137,0.00894846449953977
"baseline",81,0,12,1295,90,530.199696470831,204.947443646754,122.973491426467,937.425901515196,0.0113035159198594
"baseline",82,0,15,1295,90,533.134156668195,201.942620728598,131.878470757995,934.389842578394,0.00978872519723452
"baseline",83,1,15,1295,90,569.655541216606,217.029892128411,138.421768401307,1000.88931403191,0.0102043187467376
"baseline",84,1,15,1295,90,359.935888006202,244.600844127491,-126.080779156378,845.952555168781,0.14467677838065
"baseline",85,1,13,1295,90,594.020093121156,214.470101005182,167.872570742898,1020.16761549941,0.0068282713574558
"baseline",86,1,14,1295,90,537.75330283594,215.811979564371,108.939496343251,966.567109328629,0.014563915628076
"baseline",87,0,1,1295,90,563.650306089995,208.673379665272,149.020745541112,978.279866638879,0.0082733390396148
"baseline",88,0,10,1295,90,542.899864546607,205.666071434601,134.245761394916,951.553967698297,0.00979709049031263
"baseline",89,1,13,1295,90,607.128920889569,215.466414033063,179.001745746872,1035.25609603227,0.00595796917263645
"baseline",91,1,11,1295,90,483.177040216129,221.801650233942,42.4618856859432,923.892194746314,0.0320180128341884
"baseline",92,0,7,1295,90,564.777447022276,206.129714893127,155.20209419433,974.352799850223,0.00742503704329191
"baseline",93,1,15,1295,90,611.928433906844,214.786944017746,185.151351211534,1038.70551660215,0.00544747656128108
"baseline",94,1,15,1295,90,619.515021302281,216.265001688305,189.80106949893,1049.22897310563,0.00520789430409888
"baseline",95,1,15,1295,90,585.187779186883,216.414883168167,155.176016075595,1015.19954229817,0.00820709420262552
"baseline",97,1,15,1295,90,633.081845878426,218.288197172202,199.347847743633,1066.81584401322,0.00469723882056636
"baseline",98,1,12,1295,90,575.800447566796,215.406976454482,147.791373626688,1003.8095215069,0.00894006310213003
"baseline",99,0,10,1295,90,558.100910665059,204.69478371768,151.376735517982,964.825085812135,0.007708814621907
"baseline",100,1,14,1295,90,601.891298724431,213.670133440963,177.333294856574,1026.44930259229,0.00597200849481226
"baseline",101,0,6,1295,90,545.399635353191,206.607106199845,134.875716167466,955.923554538916,0.00979505594381684
"baseline",102,1,11,1295,90,564.190873704699,214.495630319001,137.992625123671,990.389122285727,0.0100516571469074
"baseline",103,0,25,1295,90,511.395993647429,200.38924406426,113.22683408158,909.565153213278,0.0124158526930227
"baseline",104,0,24,1295,90,535.385024850253,201.015052690545,135.972396874008,934.797652826499,0.00918125652391643
"baseline",105,1,32,1295,90,656.134758406768,218.741466993187,221.50012279255,1090.76939402099,0.00350569333634849
"baseline",106,0,23,1295,90,548.061755535146,201.646528382445,147.39439880984,948.729112260453,0.00789530720277823
"baseline",107,0,26,1295,90,479.044199268111,196.305011323792,88.9903231613974,869.098075374824,0.0166565442791843
"baseline",108,0,22,1295,90,529.704597009021,202.138053148374,128.060591043533,931.34860297451,0.0103235269617377
"baseline",109,1,27,1295,90,620.0302071685,217.864177134591,187.138727816605,1052.9216865204,0.00549551457769797
"baseline",111,0,26,1295,90,492.583551564409,202.199304856074,90.8178397604124,894.349263368405,0.0168376282841428
"baseline",112,0,21,1295,90,495.132672390248,200.45146027369,96.839890541496,893.425454239,0.0154149485915876
"baseline",113,1,28,1295,90,460.657807303777,232.558077038898,-1.430138170654,922.745752778208,0.0506980175835362
"baseline",114,1,27,1295,90,640.756821688414,220.537049433632,202.554402011824,1078.959241365,0.00462626316787792
"baseline",119,0,27,1295,90,534.791940988609,198.42490324041,140.525884798319,929.0579971789,0.00841042332790188
"baseline",120,0,22,1295,90,559.361012225786,199.867789955188,162.227970867431,956.494053584141,0.0062908735048588
"baseline",122,0,8,1295,90,560.482099741672,209.893982318927,143.427227719417,977.536971763927,0.00900856030872261
"baseline",123,1,15,1295,90,528.157909385739,209.81276802211,111.264408441355,945.051410330124,0.0136164963342234
"baseline",134,1,14,1295,90,549.336593467593,208.41763837587,135.215185413336,963.458001521849,0.00990376665461748
"district_adjusted",NA,NA,0,1295,90,393.354818252536,191.563233791661,12.7227530999646,773.986883405108,0.0429693661108957
"district_adjusted",2,0,7,1295,90,384.317429224494,190.443010933669,5.911223029452,762.723635419536,0.0466006266044474
"district_adjusted",3,0,2,1295,90,387.014932728974,190.836616467142,7.82664072291266,766.203224735034,0.0455512594461553
"district_adjusted",5,0,9,1295,90,367.863096922527,190.474380098582,-10.6054391350182,746.331632980073,0.056628380585248
"district_adjusted",6,0,9,1295,90,403.320229469502,196.790077004011,12.3025381883322,794.337920750672,0.0433573231182961
"district_adjusted",8,1,15,1295,90,369.377682598444,194.05138753961,-16.1982910523988,754.953656249286,0.0602065179532042
"district_adjusted",9,0,7,1295,90,398.380549971175,195.098591872225,10.7238036173948,786.037296324955,0.0441170458558698
"district_adjusted",10,1,14,1295,90,416.777527209865,192.134565080045,35.0102389569114,798.544815462819,0.0327334728169984
"district_adjusted",11,0,7,1295,90,381.414211162961,186.305004304785,11.2301359979276,751.598286327994,0.0435813247631109
"district_adjusted",12,0,10,1295,90,382.757701573071,185.3112410278,14.5482128717574,750.967190274385,0.041785274034513
"district_adjusted",15,0,7,1295,90,380.32366649377,185.42812979371,11.8819223043817,748.765410683159,0.0432015300027087
"district_adjusted",17,0,12,1295,90,417.466398316526,201.197298495612,17.6916518075369,817.241144825515,0.0408818913674932
"district_adjusted",18,1,12,1295,90,389.074330727419,192.906524977297,5.77317460175396,772.375486853085,0.046718906380144
"district_adjusted",20,1,9,1295,90,405.515795315887,192.005507110358,24.0049424997052,787.02664813207,0.0374883654408184
"district_adjusted",22,0,5,1295,90,381.296509356673,195.574134066987,-7.3051292088154,769.898147922161,0.0543689223671403
"district_adjusted",23,1,15,1295,90,382.678187773408,187.070355743309,10.9733756023895,754.382999944426,0.0437440176164085
"district_adjusted",24,0,7,1295,90,378.010110168492,196.324422062508,-12.0823346625928,768.102554999577,0.0573678632104132
"district_adjusted",25,1,13,1295,90,342.889095041761,190.069720649606,-34.7753913101158,720.553581393638,0.0746116153657419
"district_adjusted",26,0,14,1295,90,346.662326797329,183.859827680488,-18.6632344986953,711.987888093354,0.0626285511835913
"district_adjusted",27,0,11,1295,90,370.561578890948,183.863228135011,5.22926096421617,735.89389681768,0.0468773964392576
"district_adjusted",29,0,11,1295,90,427.828610264629,184.844938950611,60.5456538582249,795.111566671032,0.0229405301421501
"district_adjusted",30,0,11,1295,90,350.498358070193,184.136289525531,-15.3765270231588,716.373243163545,0.060210743952592
"district_adjusted",33,0,4,1295,90,393.354818252534,191.563233791662,12.722753099961,773.986883405108,0.0429693661108976
"district_adjusted",37,1,15,1295,90,477.876352409658,192.699199527847,94.9871475359156,860.7655572834,0.0150240761253479
"district_adjusted",39,0,11,1295,90,477.876352409657,192.699199527846,94.9871475359172,860.765557283397,0.0150240761253475
"district_adjusted",41,1,14,1295,90,375.651148135034,181.349603299372,15.3133492152673,735.988947054801,0.0412145050259642
"district_adjusted",42,1,10,1295,90,390.135043332638,183.632843393682,25.2604949796199,755.009591685656,0.0363977381019626
"district_adjusted",45,1,15,1295,90,357.600506849648,182.181138986303,-4.38953576792881,719.590549467224,0.052782486442469
"district_adjusted",46,0,21,1295,90,415.133026921256,211.108183008765,-4.33443600863365,834.600489851145,0.0523629621778247
"district_adjusted",47,1,30,1295,90,378.999743620134,187.625157462556,6.19255225052245,751.806934989745,0.0463921826220571
"district_adjusted",48,1,30,1295,90,377.520480862188,190.313604233913,-0.628596976865367,755.669558701242,0.0503738805737735
"district_adjusted",49,1,24,1295,90,412.46717027288,205.032067512363,5.07281941008097,819.861521135678,0.0472738875314874
"district_adjusted",51,0,20,1295,90,412.467170272876,205.032067512362,5.07281941007938,819.861521135673,0.0472738875314883
"district_adjusted",52,1,30,1295,90,398.644610318077,176.608706028379,47.7268732923209,749.562347343832,0.0264415433213423
"district_adjusted",54,1,30,1295,90,324.087708797098,180.272863513486,-34.1106311032009,682.286048697397,0.0756058350572236
"district_adjusted",55,0,12,1295,90,362.434677363396,184.853345883842,-4.8649834402658,729.734338167058,0.0530457982917766
"district_adjusted",56,0,16,1295,90,393.465763552876,183.72369829066,28.4106884548161,758.520838650936,0.0349564233077885
"district_adjusted",58,1,12,1295,90,402.128091070399,187.092830673554,30.3786216917126,773.877560449086,0.0343202051707861
"district_adjusted",59,1,14,1295,90,350.823115337569,184.441703591921,-15.6586210002288,717.304851675367,0.0603947440541906
"district_adjusted",60,1,15,1295,90,329.539080303596,184.786253543335,-37.6272694485789,696.70543005577,0.0779378757375528
"district_adjusted",61,1,14,1295,90,391.203208438931,184.33453972163,24.9344044287566,757.472012449105,0.0365950935693962
"district_adjusted",62,0,9,1295,90,370.560852738409,198.20399461556,-23.2662627197663,764.387968196583,0.0648283218044516
"district_adjusted",65,0,10,1295,90,393.354818252537,191.563233791661,12.7227530999641,773.98688340511,0.042969366110896
"district_adjusted",68,1,14,1295,90,451.672954585679,217.075306863779,20.348943658561,882.996965512797,0.0403334707874285
"district_adjusted",69,1,12,1295,90,472.286382318865,208.54339012718,57.9151082133294,886.657656424401,0.0259599421540822
"district_adjusted",70,1,14,1295,90,91.7904283105903,248.433495299898,-401.841635094201,585.422491715382,0.712649962261537
"district_adjusted",71,0,3,1295,90,373.213255007706,189.669234567976,-3.65547403052375,750.081984045935,0.0522153890258659
"district_adjusted",72,0,13,1295,90,278.845475598437,167.562451235781,-54.09754584412,611.788497040993,0.0996039236363965
"district_adjusted",73,0,12,1295,90,395.151364372591,190.567259979902,16.4982779692507,773.804450775931,0.0410109414279729
"district_adjusted",74,1,12,1295,90,431.084994537104,200.419439627531,32.8558370302151,829.314152043993,0.0341928170988453
"district_adjusted",75,0,10,1295,90,421.797269305711,189.082001212779,46.0953604358987,797.499178175523,0.0282104533215211
"district_adjusted",77,0,9,1295,90,364.701670697836,188.013661247843,-8.87746941781762,738.28081081349,0.0555754461928523
"district_adjusted",78,0,4,1295,90,376.156324322271,187.918955291376,2.76536292483411,749.547285719708,0.0483628638062326
"district_adjusted",79,0,11,1295,90,412.416760058696,182.644311669413,49.5064031855862,775.327116931806,0.026388771864742
"district_adjusted",80,0,12,1295,90,379.420406308449,182.844037074918,16.1131993088514,742.727613308047,0.0408635202311785
"district_adjusted",81,0,12,1295,90,353.048843589412,183.027525897387,-10.6229517920303,716.720638970855,0.0569251723285802
"district_adjusted",82,0,15,1295,90,352.889404626661,181.505843900195,-7.75884103893861,713.53765029226,0.0550259518090259
"district_adjusted",83,1,15,1295,90,468.844738022578,200.12305834916,71.2044838027451,866.48499224241,0.021370158639981
"district_adjusted",84,1,15,1295,90,119.385188842307,275.211641130524,-427.454479940211,666.224857624825,0.6654876746238
"district_adjusted",85,1,13,1295,90,494.38235871778,202.247848628138,92.5201914726995,896.244525962861,0.016479083117638
"district_adjusted",86,1,14,1295,90,395.75344838772,191.179489672393,15.8838746261944,775.623022149246,0.0413444762587291
"district_adjusted",87,0,1,1295,90,385.266882020886,192.655396181584,2.46471346313604,768.069050578636,0.0485740921633145
"district_adjusted",88,0,10,1295,90,357.08839338263,187.700331986325,-15.8681681644551,730.044954929716,0.0603474156134438
"district_adjusted",89,1,13,1295,90,483.996905981936,204.579786833227,77.5012271947795,890.492584769093,0.0201615073126068
"district_adjusted",91,1,11,1295,90,258.933827273264,201.161504763827,-140.769797853091,658.637452399619,0.201364306476429
"district_adjusted",92,0,7,1295,90,392.759322437592,188.561070589314,18.0924916205242,767.42615325466,0.0401266217426603
"district_adjusted",93,1,15,1295,90,360.392453065602,181.482000885533,-0.208417037732318,720.993323168936,0.0501297268743579
"district_adjusted",94,1,15,1295,90,380.572965603337,179.714760350899,23.4835647992255,737.662366407449,0.0369935017199115
"district_adjusted",95,1,15,1295,90,322.70638820712,184.928150617392,-44.7419080087274,690.154684422968,0.0844301502373764
"district_adjusted",97,1,15,1295,90,411.382208184353,181.369614767497,51.004646903677,771.759769465028,0.0257365746124523
"district_adjusted",98,1,12,1295,90,383.008690532675,189.897077430128,5.68724258051469,760.330138484835,0.0467165891177906
"district_adjusted",99,0,10,1295,90,416.387354492792,197.773082104487,23.4164530154707,809.358255970114,0.038075693027831
"district_adjusted",100,1,14,1295,90,411.619247687661,187.888929657348,38.287946585476,784.950548789846,0.0310822332322647
"district_adjusted",101,0,6,1295,90,377.790362531729,194.052365171259,-7.78755365237646,763.368278715835,0.0547065335310292
"district_adjusted",102,1,11,1295,90,358.597516151509,190.619470932509,-20.1593123025428,737.35434460556,0.0632109790463413
"district_adjusted",103,0,25,1295,90,362.875236570246,176.897866506818,11.3829438330933,714.367529307398,0.0431747302406916
"district_adjusted",104,0,24,1295,90,407.285138454083,174.15915634198,61.2346044785851,753.335672429582,0.0215975075286631
"district_adjusted",105,1,32,1295,90,509.634335304752,204.023066332922,104.244848293279,915.023822316225,0.0143300137730984
"district_adjusted",106,0,23,1295,90,424.446170360673,178.220015307538,70.3267961189129,778.565544602434,0.0193689099863916
"district_adjusted",107,0,26,1295,90,307.37972826665,180.07420660004,-50.4238845781222,665.183341111422,0.0913159843430609
"district_adjusted",108,0,22,1295,90,392.9543949792,176.212725583809,42.8234626622254,743.085327296175,0.0282630163210998
"district_adjusted",109,1,27,1295,90,413.914952925138,211.712872514043,-6.75401517155444,834.58392102183,0.0537118898479552
"district_adjusted",111,0,26,1295,90,355.466109275901,185.477247154882,-13.0732300639102,724.005448615713,0.0585112315960489
"district_adjusted",112,0,21,1295,90,325.824996293355,182.175875733279,-36.1545883525736,687.804580939283,0.077095016109118
"district_adjusted",113,1,28,1295,90,139.374498357411,211.750379713097,-281.36899574488,560.117992459702,0.512107438133353
"district_adjusted",114,1,27,1295,90,467.605857261765,210.162288133559,50.0178673008824,885.193847222648,0.0286110482102394
"district_adjusted",119,0,27,1295,90,347.617752249931,180.7480635582,-11.5248000172211,706.760304517082,0.057649829303708
"district_adjusted",120,0,22,1295,90,386.226981549359,179.328105841083,29.9058550203186,742.548108078399,0.0339632177477665
"district_adjusted",122,0,8,1295,90,371.880380222594,189.619285852483,-4.88910178188115,748.64986222707,0.0529824309625239
"district_adjusted",123,1,15,1295,90,355.751314750158,200.120695083542,-41.8842437112319,753.386873211548,0.0788715488052773
"district_adjusted",134,1,14,1295,90,382.133005351408,187.944638591844,8.69101178300662,755.574998919808,0.0450090753841022
"buyer_interaction",NA,NA,0,1295,90,850.935932179705,274.974652923363,304.567153916849,1397.30471044256,0.00263413729702566
"buyer_interaction",2,0,7,1295,90,853.788788075697,274.554148960552,308.255542230005,1399.32203392139,0.00251554602104603
"buyer_interaction",3,0,2,1295,90,843.084219301257,274.75355058702,297.154766671127,1389.01367193139,0.00285088312494336
"buyer_interaction",5,0,9,1295,90,846.694672301653,275.318637576515,299.642403860028,1393.74694074328,0.00279271026768057
"buyer_interaction",6,0,9,1295,90,847.401009572434,272.557417118028,305.835227366463,1388.9667917784,0.00252057414465934
"buyer_interaction",8,1,15,1295,90,808.677243961901,278.846984249925,254.614225835737,1362.74026208807,0.00469909591744551
"buyer_interaction",9,0,7,1295,90,845.457685921119,272.931754064395,303.148104176279,1387.76726766596,0.00260949387125314
"buyer_interaction",10,1,14,1295,90,834.305039636754,276.626912047525,284.653257688125,1383.95682158538,0.00333830096961816
"buyer_interaction",11,0,7,1295,90,838.476803199699,274.519887507941,293.01163413056,1383.94197226884,0.00297545993460515
"buyer_interaction",12,0,10,1295,90,846.417327237711,272.94534247561,304.080745609227,1388.75390886619,0.00258293824767272
"buyer_interaction",15,0,7,1295,90,839.586985599547,273.683711223326,295.783280996971,1383.39069020212,0.00285764170722949
"buyer_interaction",17,0,12,1295,90,838.59537351421,271.600744342311,298.930479735987,1378.26026729243,0.00269069650686767
"buyer_interaction",18,1,12,1295,90,811.123713072203,275.366055413639,263.977226398237,1358.27019974617,0.00411279732497002
"buyer_interaction",20,1,9,1295,90,863.574193125356,273.325491242656,320.482263994108,1406.66612225661,0.00215951478188161
"buyer_interaction",22,0,5,1295,90,847.393683534039,274.909782342449,301.153801733685,1393.63356533439,0.00273314813541102
"buyer_interaction",23,1,15,1295,90,779.76398783501,281.523407738716,220.382973245759,1339.14500242426,0.00682651610682085
"buyer_interaction",24,0,7,1295,90,845.905068814634,273.975336292393,301.521911411578,1390.28822621769,0.00269135540858276
"buyer_interaction",25,1,13,1295,90,760.108603671306,281.499530564066,200.775032519489,1319.44217482312,0.00829402220321406
"buyer_interaction",26,0,14,1295,90,812.891850578529,275.688261468919,265.105147335868,1360.67855382119,0.00407700266065203
"buyer_interaction",27,0,11,1295,90,831.897376437517,275.788941329274,283.910624456862,1379.88412841817,0.00333397584867358
"buyer_interaction",29,0,11,1295,90,918.052989676262,271.740956264148,378.109497795932,1457.99648155659,0.00108337409611338
"buyer_interaction",30,0,11,1295,90,830.210171037461,275.557704928787,282.682880859124,1377.7374612158,0.00336993806530685
"buyer_interaction",33,0,4,1295,90,850.814465546873,275.149654481445,304.097962915729,1397.53096817802,0.0026534971171074
"buyer_interaction",37,1,15,1295,90,900.913936944266,272.410419169771,359.640236530354,1442.18763735818,0.00136044373004386
"buyer_interaction",39,0,11,1295,90,749.738974544587,276.551107522085,200.237814573334,1299.24013451584,0.00804845437215901
"buyer_interaction",41,1,14,1295,90,858.518276287706,274.514763565686,313.063288382686,1403.97326419273,0.00238330892142336
"buyer_interaction",42,1,10,1295,90,847.589011504792,274.581452260137,302.001514584399,1393.17650842519,0.0026969372305079
"buyer_interaction",45,1,15,1295,90,857.131758054296,273.396021919441,313.899685970614,1400.36383013798,0.00232756314963446
"buyer_interaction",46,0,21,1295,90,828.554399129097,271.709489180784,288.673431673148,1368.43536658505,0.00301993376954787
"buyer_interaction",47,1,30,1295,90,778.38611366089,281.836498923628,218.382993556215,1338.38923376556,0.00698156799460171
"buyer_interaction",48,1,30,1295,90,819.988528165105,276.706028453973,270.179543602082,1369.79751272813,0.00390291262189151
"buyer_interaction",49,1,24,1295,90,790.679073118947,277.905798543457,238.486170943814,1342.87197529408,0.00550840125495375
"buyer_interaction",51,0,20,1295,90,843.148445171508,274.47714749734,297.768199593049,1388.52869074997,0.00282237276556087
"buyer_interaction",52,1,30,1295,90,887.74473257652,274.537273915952,342.245017085002,1433.24444806804,0.00171564182173535
"buyer_interaction",54,1,30,1295,90,873.056009529892,276.763503431908,323.132823409957,1422.97919564983,0.00219295122124204
"buyer_interaction",55,0,12,1295,90,834.279974630812,275.744928117085,286.380675965274,1382.17927329635,0.00324422982846162
"buyer_interaction",56,0,16,1295,90,891.287959716168,273.888524306568,347.077295879808,1435.49862355253,0.00160834677528665
"buyer_interaction",58,1,12,1295,90,872.924169599217,276.346135742876,323.83028418725,1422.01805501118,0.00216418594848726
"buyer_interaction",59,1,14,1295,90,888.859733022013,274.60992973149,343.215651972625,1434.5038140714,0.0016985180640541
"buyer_interaction",60,1,15,1295,90,844.35526385047,275.952050131307,296.044418154475,1392.66610954647,0.00292695885680014
"buyer_interaction",61,1,14,1295,90,879.978948607534,274.989960618256,333.579754280987,1426.37814293408,0.00190493936349037
"buyer_interaction",62,0,9,1295,90,875.211031742169,272.586847839248,333.586771320023,1416.83529216431,0.00184245548663846
"buyer_interaction",65,0,10,1295,90,854.675822305785,274.824927409569,308.604545449612,1400.74709916196,0.00251429060661154
"buyer_interaction",68,1,14,1295,90,664.324833022733,295.65426923982,76.8660976251165,1251.78356842035,0.0271152723584691
"buyer_interaction",69,1,12,1295,90,927.520516744697,271.948032716777,387.165568363825,1467.87546512557,0.000976240344291787
"buyer_interaction",70,1,14,1295,90,533.514009267228,308.02923991432,-78.5335292676361,1145.56154780209,0.0867337891380489
"buyer_interaction",71,0,3,1295,90,832.049051375566,276.571417343189,282.507536222388,1381.59056652875,0.00341442334663229
"buyer_interaction",72,0,13,1295,90,619.541997293018,250.292251624755,122.216624663164,1116.86736992287,0.0152073919396419
"buyer_interaction",73,0,12,1295,90,882.77924433217,273.449509775833,339.440893017155,1426.11759564718,0.00174429180371316
"buyer_interaction",74,1,12,1295,90,913.437877289019,272.468194155318,372.049379209462,1454.82637536858,0.00117755530699391
"buyer_interaction",75,0,10,1295,90,895.041538558004,272.666879141934,353.258257642129,1436.82481947388,0.00147091844550798
"buyer_interaction",77,0,9,1295,90,830.122821531872,274.843983711354,284.013680209962,1376.23196285378,0.00329518688906485
"buyer_interaction",78,0,4,1295,90,842.566845118462,274.692512304217,296.758674256116,1388.37501598081,0.00286125513799844
"buyer_interaction",79,0,11,1295,90,899.063408361544,268.46385803268,365.631440863332,1432.49537585976,0.00119097752905538
"buyer_interaction",80,0,12,1295,90,807.461577866884,272.314619017919,266.37823031411,1348.54492541966,0.00388237022400158
"buyer_interaction",81,0,12,1295,90,831.97153779229,274.471469906167,286.602573466556,1377.34050211802,0.00318999022857744
"buyer_interaction",82,0,15,1295,90,793.196556223714,272.675324135694,251.396495285118,1334.99661716231,0.00457925430129372
"buyer_interaction",83,1,15,1295,90,888.033748202883,272.448984905486,346.683418493574,1429.38407791219,0.0015820197250824
"buyer_interaction",84,1,15,1295,90,511.985158059814,347.295340480431,-178.083285912583,1202.05360203221,0.143954425885034
"buyer_interaction",85,1,13,1295,90,879.666548482584,270.034627845069,343.113494825326,1416.21960213984,0.00159121654409165
"buyer_interaction",86,1,14,1295,90,856.657175062932,273.743795569841,312.734084143656,1400.58026598221,0.00236869279057177
"buyer_interaction",87,0,1,1295,90,858.331458041913,274.102122303178,313.696379536033,1402.96653654779,0.00235410266442385
"buyer_interaction",88,0,10,1295,90,807.048304530698,276.738114352653,257.175565970444,1356.92104309095,0.0044820803089663
"buyer_interaction",89,1,13,1295,90,918.811405402363,276.229100798257,369.950065932453,1467.67274487227,0.00128035086825186
"buyer_interaction",91,1,11,1295,90,694.118144190599,293.167102367905,111.601356389594,1276.6349319916,0.0200674177240297
"buyer_interaction",92,0,7,1295,90,863.36442107914,274.240208446032,318.454968348711,1408.27387380957,0.00223597103490305
"buyer_interaction",93,1,15,1295,90,820.29762864027,266.353752793025,291.058395306969,1349.53686197357,0.00275571339893673
"buyer_interaction",94,1,15,1295,90,837.94365796241,266.724632522972,307.967494505624,1367.9198214192,0.00228176734019052
"buyer_interaction",95,1,15,1295,90,803.837667145143,273.205258012526,260.984638881136,1346.69069540915,0.00415377189559178
"buyer_interaction",97,1,15,1295,90,847.795551364933,268.00365809346,315.277991343463,1380.3131113864,0.00213393826351126
"buyer_interaction",98,1,12,1295,90,876.10921361771,275.775132547721,328.149899391867,1424.06852784355,0.00204664154617377
"buyer_interaction",99,0,10,1295,90,812.122746065693,274.580879450681,266.536387305487,1357.7091048259,0.00396925297028664
"buyer_interaction",100,1,14,1295,90,846.722177134181,273.640432404614,303.004466622524,1390.43988764584,0.00263662198868279
"buyer_interaction",101,0,6,1295,90,836.643269818282,276.372816102471,287.496371100105,1385.79016853646,0.00322797255931087
"buyer_interaction",102,1,11,1295,90,777.862944526277,281.145150798563,219.233518420052,1336.4923706325,0.00688522096933171
"buyer_interaction",103,0,25,1295,90,833.828102328448,275.835989479083,285.747866676272,1381.90833798062,0.00326994097810789
"buyer_interaction",104,0,24,1295,90,846.627922215275,278.640626073796,292.974933389548,1400.280911041,0.00312138671593994
"buyer_interaction",105,1,32,1295,90,858.76625921384,269.620834996653,323.035403132392,1394.49711529529,0.00199539773455282
"buyer_interaction",106,0,23,1295,90,840.573361100452,278.779200101801,286.645028632774,1394.50169356813,0.00334628784956143
"buyer_interaction",107,0,26,1295,90,861.507030392861,276.325477106009,312.45419325231,1410.55986753341,0.00245488789784338
"buyer_interaction",108,0,22,1295,90,874.94805505874,279.402731250521,319.780779480075,1430.1153306374,0.00235363514929412
"buyer_interaction",109,1,27,1295,90,861.425182569602,289.516614152912,286.161837094588,1436.68852804462,0.00376685452063699
"buyer_interaction",111,0,26,1295,90,814.853189595287,272.460382734912,273.480212641688,1356.22616654889,0.00359939487086321
"buyer_interaction",112,0,21,1295,90,732.430253409881,260.743318031682,214.338834442337,1250.52167237742,0.00610824208107333
"buyer_interaction",113,1,28,1295,90,514.926963617189,299.276366542337,-79.7288019680688,1109.58272920245,0.0888033250296746
"buyer_interaction",114,1,27,1295,90,861.205960477345,277.66714295261,309.487261877743,1412.92465907695,0.0025788048094096
"buyer_interaction",119,0,27,1295,90,848.138092225284,282.131865268759,287.548085484284,1408.72809896628,0.00343757371845985
"buyer_interaction",120,0,22,1295,90,767.074115092864,277.362051083061,215.961627539449,1318.18660264628,0.00690778766833419
"buyer_interaction",122,0,8,1295,90,838.39494523797,275.638016161011,290.708078351872,1386.08181212407,0.00309125034982654
"buyer_interaction",123,1,15,1295,90,894.483907964237,272.84087021599,352.354910490306,1436.61290543817,0.00149026603801665
"buyer_interaction",134,1,14,1295,90,788.85853574719,281.30798160692,229.905568293136,1347.81150320124,0.00619153212087164
"buyer_village_gap",NA,NA,0,1295,90,762.955317864504,310.261526976377,146.472272486149,1379.43836324286,0.0158642044700499
"buyer_village_gap",2,0,7,1295,90,754.895464498352,308.458867651307,141.994264801377,1367.79666419533,0.0163566226637271
"buyer_village_gap",3,0,2,1295,90,751.664121014935,309.41929517623,136.85457228352,1366.47366974635,0.017138653234188
"buyer_village_gap",5,0,9,1295,90,734.848161490728,309.074795200248,120.72312687357,1348.97319610789,0.0195677860809204
"buyer_village_gap",6,0,9,1295,90,770.601590229365,312.892834709479,148.89019243349,1392.31298802524,0.0157096662596848
"buyer_village_gap",8,1,15,1295,90,714.970975464932,313.414962628651,92.2221206152459,1337.71983031462,0.0249213798048852
"buyer_village_gap",9,0,7,1295,90,764.493231858087,311.662752190049,145.225981826955,1383.76048188922,0.0161188753582725
"buyer_village_gap",10,1,14,1295,90,763.849591562926,308.665921758738,150.536979764841,1377.16220336101,0.0152310224805353
"buyer_village_gap",11,0,7,1295,90,741.361337266003,304.559261570899,136.208571787266,1346.51410274474,0.0169213876199641
"buyer_village_gap",12,0,10,1295,90,748.247191823992,301.815780964909,148.545663871864,1347.94871977612,0.0150538612474811
"buyer_village_gap",15,0,7,1295,90,742.370100539126,302.391532819483,141.52456591576,1343.21563516249,0.0160333484048907
"buyer_village_gap",17,0,12,1295,90,774.082668745961,314.537679772957,149.102998844969,1399.06233864695,0.0157840146247741
"buyer_village_gap",18,1,12,1295,90,728.916027558986,310.765474194265,111.431649793013,1346.40040532496,0.021221558094264
"buyer_village_gap",20,1,9,1295,90,785.826722133988,308.401235303631,173.040036684249,1398.61340758373,0.0125473291091558
"buyer_village_gap",22,0,5,1295,90,750.220323411679,314.011651433272,126.285860616977,1374.15478620638,0.0189988484532925
"buyer_village_gap",23,1,15,1295,90,720.916784279984,309.767452903428,105.415453560557,1336.41811499941,0.0222193266402681
"buyer_village_gap",24,0,7,1295,90,746.391485601779,314.025773075952,122.42896340387,1370.35400779969,0.019603973913671
"buyer_village_gap",25,1,13,1295,90,654.471512866111,314.976210732781,28.6204912888733,1280.32253444335,0.0406041515368803
"buyer_village_gap",26,0,14,1295,90,701.52759215204,303.768813234203,97.9454306813767,1305.1097536227,0.0232354198049778
"buyer_village_gap",27,0,11,1295,90,723.694308875043,301.974644186267,123.677123085944,1323.71149466414,0.0186432331101523
"buyer_village_gap",29,0,11,1295,90,834.918756870978,300.860336410654,237.115676896715,1432.72183684524,0.00672505662203661
"buyer_village_gap",30,0,11,1295,90,709.763855177489,303.467078087886,106.78123501545,1312.74647533953,0.0215828627592698
"buyer_village_gap",33,0,4,1295,90,762.904942606656,310.174583160149,146.594652739201,1379.21523247411,0.0158424532782564
"buyer_village_gap",37,1,15,1295,90,871.804395707257,310.149461744891,255.544021556821,1488.06476985769,0.00607511577145521
"buyer_village_gap",39,0,11,1295,90,802.499596695601,312.628112440941,181.314196408596,1423.68499698261,0.0119295909328117
"buyer_village_gap",41,1,14,1295,90,745.445763426333,301.81257511352,145.75060543263,1345.14092142004,0.0154226531272928
"buyer_village_gap",42,1,10,1295,90,750.890288539301,302.384596255635,150.058536720549,1351.72204035805,0.0148939219973803
"buyer_village_gap",45,1,15,1295,90,728.326984794805,301.511429209039,129.230197298748,1327.42377229086,0.0177540689354855
"buyer_village_gap",46,0,21,1295,90,758.000233666399,318.85100880687,124.45007085106,1391.55039648174,0.0195820977990328
"buyer_village_gap",47,1,30,1295,90,688.367960622804,310.198713849642,72.0097235893205,1304.72619765629,0.029021349790512
"buyer_village_gap",48,1,30,1295,90,741.66661269076,310.123951254241,125.456927341858,1357.87629803966,0.0188842440791319
"buyer_village_gap",49,1,24,1295,90,740.047268728049,322.839879134573,98.5713055364711,1381.52323191963,0.024246369698843
"buyer_village_gap",51,0,20,1295,90,775.718124423777,323.25481103611,133.417700382099,1418.01854846546,0.0184925041147143
"buyer_village_gap",52,1,30,1295,90,772.439538850963,294.025243809573,188.2176422842,1356.66143541773,0.0101395061451131
"buyer_village_gap",54,1,30,1295,90,699.677872866438,301.746335118172,100.114332332546,1299.24141340033,0.0226988586205713
"buyer_village_gap",55,0,12,1295,90,733.35982496226,306.74640344975,123.861255157447,1342.85839476707,0.0189203493216315
"buyer_village_gap",56,0,16,1295,90,792.307111247788,304.542690145081,187.18727283917,1397.42694965641,0.0108658414756272
"buyer_village_gap",58,1,12,1295,90,763.433756375088,305.470672388205,156.470037015863,1370.39747573431,0.0142818283650712
"buyer_village_gap",59,1,14,1295,90,734.863589898795,306.40829149573,126.036841344667,1343.69033845292,0.0185587282265251
"buyer_village_gap",60,1,15,1295,90,723.844944805305,308.869567220987,110.12769381148,1337.56219579913,0.0213299489378812
"buyer_village_gap",61,1,14,1295,90,761.604043157433,304.084392456934,157.394832493197,1365.81325382167,0.0140809658471067
"buyer_village_gap",62,0,9,1295,90,752.05972667327,312.395382000846,131.336756813461,1372.78269653308,0.0181316499996231
"buyer_village_gap",65,0,10,1295,90,765.927879634788,310.390719842015,149.188130784282,1382.66762848529,0.0155143824544702
"buyer_village_gap",68,1,14,1295,90,740.241096309467,337.602471859071,69.432175824824,1411.05001679411,0.0309415582489131
"buyer_village_gap",69,1,12,1295,90,899.710925862144,315.209634166055,273.396096895025,1526.02575482926,0.00536464878951741
"buyer_village_gap",70,1,14,1295,90,378.180093456701,368.495586282368,-354.012787348443,1110.37297426185,0.307540328363807
"buyer_village_gap",71,0,3,1295,90,737.459532359359,310.866649816555,119.774120786987,1355.14494393173,0.0198335380273273
"buyer_village_gap",72,0,13,1295,90,495.93434294989,266.391370077987,-33.3796351273653,1025.24832102715,0.065949273842675
"buyer_village_gap",73,0,12,1295,90,783.162659166089,306.622755892503,173.909774423772,1392.41554390841,0.012344964595161
"buyer_village_gap",74,1,12,1295,90,839.469433015901,315.140140061227,213.292687354817,1465.64617867698,0.00917142992329402
"buyer_village_gap",75,0,10,1295,90,809.556837846552,304.120762909388,205.275359867998,1413.83831582511,0.00921789142306582
"buyer_village_gap",77,0,9,1295,90,727.537783602947,307.039700755127,117.456438299727,1337.61912890617,0.0199723841045094
"buyer_village_gap",78,0,4,1295,90,742.529973179549,307.381572495008,131.769336011222,1353.29061034788,0.0177506295683914
"buyer_village_gap",79,0,11,1295,90,802.628223749149,294.636537927001,217.191698791923,1388.06474870637,0.00776004595862555
"buyer_village_gap",80,0,12,1295,90,711.935802881705,300.072364214894,115.69840687622,1308.17319888719,0.0198195628212282
"buyer_village_gap",81,0,12,1295,90,713.007721802715,302.85834385854,111.234643588046,1314.78080001738,0.0207598551264462
"buyer_village_gap",82,0,15,1295,90,688.421470549174,301.844522714239,88.6628333533404,1288.18010774501,0.0249530085659734
"buyer_village_gap",83,1,15,1295,90,841.419951357632,304.699638855713,235.988259204074,1446.85164351119,0.00698869628369905
"buyer_village_gap",84,1,15,1295,90,365.805809023629,413.43545546665,-455.681634609283,1187.29325265654,0.378651127593783
"buyer_village_gap",85,1,13,1295,90,856.749510847229,304.139735266555,252.430335199104,1461.06868649535,0.00597129450309284
"buyer_village_gap",86,1,14,1295,90,745.423798345982,304.339071411035,140.708546024734,1350.13905066723,0.0162716249093437
"buyer_village_gap",87,0,1,1295,90,759.90403339605,310.898170191061,142.155991510932,1377.65207528117,0.0164883388800152
"buyer_village_gap",88,0,10,1295,90,706.232147855847,310.579018434238,89.1182537134471,1323.34604199825,0.0253756838748933
"buyer_village_gap",89,1,13,1295,90,879.957327932069,317.980840462012,248.136171082946,1511.77848478119,0.00687432083944864
"buyer_village_gap",91,1,11,1295,90,549.220529181091,335.039559469762,-116.495938977294,1214.93699733948,0.104687210137739
"buyer_village_gap",92,0,7,1295,90,773.526212796442,307.509501777943,162.51138286788,1384.541042725,0.0136824636684859
"buyer_village_gap",93,1,15,1295,90,700.579822749438,296.187536694626,112.061496277982,1289.0981492209,0.0201863183420755
"buyer_village_gap",94,1,15,1295,90,718.851602925502,293.422014681103,135.828309787932,1301.87489606307,0.0162475668858337
"buyer_village_gap",95,1,15,1295,90,667.791747343991,304.611839781187,62.5345100813516,1273.04898460663,0.0309691641600062
"buyer_village_gap",97,1,15,1295,90,741.856185816198,291.341766127281,162.96630224475,1320.74606938765,0.0126051017205128
"buyer_village_gap",98,1,12,1295,90,782.607749133683,308.826793047713,168.975489511043,1396.24000875632,0.0130215590295907
"buyer_village_gap",99,0,10,1295,90,753.910156901906,314.648334635898,128.710618145252,1379.10969565856,0.0186670740749069
"buyer_village_gap",100,1,14,1295,90,775.433567277992,307.396165931484,164.643933262235,1386.22320129375,0.0134266031594787
"buyer_village_gap",101,0,6,1295,90,741.131024858959,314.589769396858,116.04785398481,1366.21419573311,0.0206758425909659
"buyer_village_gap",102,1,11,1295,90,679.937183939203,313.917107191057,56.1905785399432,1303.68378933846,0.0329864360166824
"buyer_village_gap",103,0,25,1295,90,770.14785636935,306.848228098747,160.446963155895,1379.8487495828,0.0138860088306827
"buyer_village_gap",104,0,24,1295,90,783.508732101854,301.29016324499,184.851595363288,1382.16586884042,0.0108987161824062
"buyer_village_gap",105,1,32,1295,90,890.343357399685,321.832318546914,250.869395634247,1529.81731916512,0.00689074178975746
"buyer_village_gap",106,0,23,1295,90,795.791734499175,303.052179827302,193.633508343377,1397.94996065497,0.0101725950041847
"buyer_village_gap",107,0,26,1295,90,740.205651033871,306.775502644173,130.649261749566,1349.76204031818,0.0178790992318105
"buyer_village_gap",108,0,22,1295,90,769.878345212271,302.574169633897,168.669915128918,1371.08677529562,0.0126696023099887
"buyer_village_gap",109,1,27,1295,90,802.613474650849,340.319293217363,126.406287996916,1478.82066130478,0.0205429638322496
"buyer_village_gap",111,0,26,1295,90,721.932728818343,296.151220005235,133.486562835142,1310.37889480154,0.0167685846355698
"buyer_village_gap",112,0,21,1295,90,641.717651277218,293.071387072103,59.3910477301881,1224.04425482425,0.0311668708080575
"buyer_village_gap",113,1,28,1295,90,301.589852090556,352.453714329377,-398.728170843788,1001.9078750249,0.394469093382608
"buyer_village_gap",114,1,27,1295,90,824.238391275073,333.335697999152,161.9074595657,1486.56932298445,0.0153101899939248
"buyer_village_gap",119,0,27,1295,90,726.78551583468,312.211577881039,106.427760845809,1347.14327082355,0.0221871116194483
"buyer_village_gap",120,0,22,1295,90,701.261145498117,308.10393895283,89.0651815648614,1313.45710943137,0.0252423300182254
"buyer_village_gap",122,0,8,1295,90,733.340904578705,308.695327772596,119.969863657446,1346.71194549996,0.019665616199353
"buyer_village_gap",123,1,15,1295,90,746.720649983432,315.586684003762,119.656631020137,1373.78466894673,0.0201449002442759
"buyer_village_gap",134,1,14,1295,90,735.484597831336,311.053370666198,117.428175907968,1353.5410197547,0.0202287831654818
