"draw","buyer_gap","buyer_minus_owner","reference_mean","buyer_ratio","difference_ratio","reason"
1,-14760.3639547105,-18888.9291251622,36643.4765757191,-0.40281014068657,-0.51547863058601,""
2,-7776.48451193034,-9221.35399191168,30973.4666018076,-0.251069233286161,-0.297717853492496,""
3,-21475.4841705419,-18987.7911253901,33877.1076139306,-0.633923191297211,-0.560490327030817,""
4,-16756.6130932353,-4920.16166241554,43877.6380579527,-0.381894145512197,-0.112133694523782,""
5,-5090.73230713024,-10128.6940046057,38335.1347514395,-0.132795471833814,-0.264214383757327,""
6,-1369.25001448594,-5257.62321241813,33058.8255137903,-0.0414185922580573,-0.159038415028536,""
7,-5365.73533128781,-3725.20395702932,35092.6163216471,-0.1529021171322,-0.106153497444743,""
8,-10124.058860235,-8394.80616793492,33725.9387124787,-0.30018612518231,-0.248912453986901,""
9,-3258.26353747201,1336.85743165523,32301.243354376,-0.100871149191556,0.0413871818180063,""
10,-9557.26583600124,-2953.55897797654,39695.8766643209,-0.240762180838581,-0.0744046794318876,""
11,-8805.40478217444,-9619.07821147156,37200.8086548929,-0.236699284251077,-0.258571750434419,""
12,4464.24259758145,392.88778431173,46108.6193868792,0.0968201316140863,0.00852091842124277,""
13,-13855.2797032243,-28410.1449563432,47469.0211283026,-0.291880459590167,-0.598498647771865,""
14,-4549.16950125793,-5103.56475552054,31220.5258263069,-0.145710854665514,-0.163468251108705,""
15,-7418.19757139291,-11817.0112278648,29910.2461852027,-0.248015262912241,-0.395082379285495,""
16,-6689.27251728269,-15179.4423138731,45187.1533694322,-0.148034828894705,-0.335923845208216,""
17,-2777.81909913951,5146.03174120516,29944.1259454567,-0.0927667451105206,0.171854464898346,""
18,-2165.97352415014,4159.92754335905,31311.9351838827,-0.0691740549228347,0.132854373865091,""
19,-14247.4905613152,NA,31013.2172684042,-0.459400598074369,NA,""
20,-24221.3135099551,-12588.6394654876,46770.296850673,-0.517878122246867,-0.269158853228585,""
21,-2566.97834576262,-5950.12402510928,32709.5257498193,-0.0784780056243037,-0.181907988230069,""
22,4071.15380724435,8567.11356968433,31808.9449093765,0.127987703422514,0.26933032812286,""
23,3219.7274773728,3310.72811671516,40868.0170048032,0.0787835503982095,0.0810102461376104,""
24,-3044.19444675244,5396.96748447004,37023.1031835524,-0.0822241839550832,0.145772963916965,""
25,-8066.90814361223,-5639.85734339567,34391.9904368118,-0.234557757232269,-0.163987523599652,""
26,-10436.1646201218,-7804.07289159123,35660.9689423864,-0.292649496904651,-0.218840741657901,""
27,-12234.5987968368,-3340.06462079234,38012.6371730126,-0.321856090677203,-0.0878672165151344,""
28,-6254.53367310711,-2511.48767365466,33983.302285009,-0.184047260052951,-0.0739035792517006,""
29,20270.1140281131,-1985.57461247572,35589.5806552561,0.569551920953005,-0.0557908965466407,""
30,10988.4949365555,7901.03529720744,32103.0984113456,0.342287675655384,0.24611441537416,""
31,-9305.011105315,-7525.40744924339,38476.8357133846,-0.241834104410985,-0.195582804815355,""
32,-7108.90056833993,-2346.9640266414,40942.3419599728,-0.173631996315451,-0.0573236389099555,""
33,-7016.97321700214,-891.077608960034,30798.1962049855,-0.227837148977779,-0.0289327856420302,""
34,18943.722838271,-10551.8774925732,26369.0625660046,0.718407140597162,-0.40016126724872,""
35,-17871.4546911855,-12026.6342196498,35819.6736243735,-0.498928462570492,-0.33575499167771,""
36,1327.3784647673,-5280.94542934186,36122.2849041199,0.0367468023767209,-0.146196328481412,""
37,5912.93288186922,2483.42573156458,30780.2174324663,0.192101725559365,0.0806825272437849,""
38,-30070.9088511348,-5955.26044378218,39111.7394773296,-0.768846112522426,-0.15226273552047,""
39,-5971.46128172277,956.985069509468,30270.8435673709,-0.197267752662151,0.0316140865839962,""
40,-6560.11546502083,-4385.16109589073,36190.6397241368,-0.181265529292251,-0.121168377495303,""
41,1841.50333551467,641.237669575985,45445.6058937939,0.0405210426684211,0.0141100037498577,""
42,-11173.2043086337,-9651.47991040403,31978.2088534634,-0.349400567112239,-0.30181427467157,""
43,-3194.34213995661,-232.40676174196,26360.5053117559,-0.121179093578758,-0.00881647597393797,""
44,-10256.4421307626,-16897.0986977322,46315.8243047106,-0.221445743106842,-0.36482344752339,""
45,-8690.57680465863,-5975.92206180599,33024.742808805,-0.263153504479119,-0.18095287210572,""
46,-19213.6044754533,-3763.33826228459,39776.282160013,-0.483041738243922,-0.0946126198307158,""
47,-9319.88173833298,1959.20510378214,42508.6602157361,-0.219246659175649,0.0460895519604467,""
48,-11348.4011650274,-16974.734336042,46140.8829871693,-0.245951105187631,-0.367889239153969,""
49,-15285.4861759898,-8800.17241415332,38753.3138184474,-0.394430428520248,-0.227081804033085,""
50,-4745.49806425079,-9734.10750373569,29637.0311875673,-0.160120561139117,-0.328444082071862,""
51,-19796.7566583277,-2628.45864964973,53004.4966896057,-0.373492022276101,-0.0495893521080294,""
52,3275.9504420229,-2825.37139766814,35015.5284434852,0.0935570756074767,-0.0806890977592489,""
53,-13093.6524601884,-1552.69857661026,27150.1281841563,-0.482268531896999,-0.0571893644876546,""
54,-20363.084200146,-16128.1862020599,45110.3860103506,-0.451405673972147,-0.35752711578126,""
55,-20456.8771232126,-9697.19507724299,35939.8865910886,-0.56919704160349,-0.269817075039058,""
56,-15959.9190260699,-14476.3378758832,29563.1661196331,-0.539858246626392,-0.489674814169155,""
57,2553.82640918572,3518.16257985327,41508.4764992234,0.0615254190125117,0.0847576899123024,""
58,-126.854478019875,-3391.78632160952,52582.7955414465,-0.00241247116501986,-0.0645037276296211,""
59,-9337.66114080372,8575.94923755424,35677.3008493125,-0.261725548696705,0.240375505809025,""
60,-16429.5922928393,5343.1222884589,39778.6815307945,-0.413025059166941,0.134321251555875,""
61,-14015.9410436517,-3570.60553869491,27141.6287419443,-0.516400145949666,-0.13155457885904,""
62,-17992.845007258,-3426.23584860773,35892.0611772264,-0.501304311235113,-0.0954594340985266,""
63,-35242.7604020681,-16830.9905202046,39363.4641322759,-0.895316537275258,-0.427578997205281,""
64,-6366.60534306241,-6221.71379804029,39407.6608193717,-0.161557555325201,-0.157880819837494,""
65,-4534.02574031962,-4581.03430230859,39001.15997129,-0.116253612550428,-0.11745892444432,""
66,-13862.5171674434,-6922.8818712258,40270.3028703717,-0.344236724815957,-0.171910350252648,""
67,-29800.1004102903,3949.99480257452,48199.1580025005,-0.618270145066523,0.0819515312356618,""
68,-7038.9320093665,1567.92785058366,36292.6638399018,-0.193949169463487,0.0432023358081477,""
69,-8054.57536112364,-8564.18167263575,39147.3109109969,-0.205750412319152,-0.218768070483993,""
70,-7068.27609158424,386.354497374468,31181.7849630201,-0.226679649672616,0.0123903906666236,""
71,-26562.4411864676,-8720.59547801743,30011.3063571814,-0.885081138099523,-0.290577003687501,""
72,-6364.36820204814,18151.5239758349,33262.6044058797,-0.191337037965768,0.545703630249298,""
73,-10283.7834883697,-2400.51555212457,42543.271197792,-0.241725264626653,-0.0564252697204242,""
74,-25487.6097576914,-18123.2420489763,56140.3082700795,-0.45399839336606,-0.322820493998522,""
75,-3047.79942771028,3075.04358216893,36752.6918109953,-0.0829272436256892,0.0836685268655334,""
76,-16223.9433374457,665.148444671839,36864.7555766283,-0.440093609293628,0.0180429365193875,""
77,-30552.115001608,-18564.107575674,49768.13800161,-0.613889050874672,-0.373011897191603,""
78,339.253445536387,-1182.78067166885,51183.3091272256,0.00662820461047389,-0.0231087182880033,""
79,1107.78695425685,1098.5030347906,26984.9575593263,0.0410520176591488,0.0407079771156039,""
80,8106.74325225664,-366.794618852172,27489.6402175961,0.294901758920349,-0.01334301271129,""
81,-17251.1826877376,-7303.28457868772,32838.2071921608,-0.525338749061057,-0.22240204941612,""
82,-15357.26922054,-3133.15896607774,34688.8341904313,-0.442715057422603,-0.0903218294647101,""
83,-1233.45478205783,-5609.057967659,36796.7065917847,-0.033520792926974,-0.152433695490327,""
84,-14868.1652940121,-17980.8704175188,33649.9641382998,-0.441847879329222,-0.53435035899647,""
85,-15639.5804064507,-3650.38112432401,35809.6844121863,-0.436741643026837,-0.1019383774039,""
86,-3049.56208317436,-2265.61328999561,32033.3708990122,-0.0951995371573086,-0.0707266586816023,""
87,-5860.51464722205,-2725.32481037481,32735.6229869444,-0.179025603073426,-0.0832525720210585,""
88,-23989.122901988,-7206.17153527006,36854.1136372505,-0.650921173633677,-0.195532352404383,""
89,-9983.78851062216,-7406.23484269367,41718.2678482457,-0.239314550329346,-0.177529778312814,""
90,-15947.6786502426,-15585.4906952224,35988.0501874199,-0.443138168564,-0.433074051360262,""
91,-9727.20310073296,1632.66183426049,22653.1000986359,-0.429398318922305,0.0720723356693594,""
92,-9402.22570834057,-2179.09894300178,26084.6230034066,-0.360450895039297,-0.0835395988938461,""
93,-16734.2075890771,-10447.6578596788,30125.9882901604,-0.555474145043824,-0.346798842217276,""
94,-4257.44308065155,-2875.03384716715,41505.527781685,-0.102575326906943,-0.0692686974681913,""
95,7341.92516203167,11514.788686981,29753.7918371857,0.24675594970238,0.387002394518,""
96,7335.75999933491,1613.42126083301,34538.2333922868,0.212395345066293,0.0467140644545338,""
97,12065.4718072293,2194.96151591759,33870.0792248461,0.356228036171184,0.0648053257078722,""
98,-2998.52187628769,5474.9351367147,33726.0705450075,-0.0889081303523383,0.162335399536343,""
99,556.815490833964,-10132.9866627718,34265.2842716609,0.0162501348717681,-0.295721657594776,""
100,10312.3432855836,5484.69620851157,25295.0352188202,0.407682503557494,0.216828961140596,""
101,-7326.94951724958,-13123.3204132303,37397.2450224051,-0.195922173220512,-0.350916769547274,""
102,5351.24953823543,2360.8052178647,27927.4113743254,0.191612801720499,0.0845336213307284,""
103,-26559.8200465591,-17453.4621544941,43638.5517819951,-0.608632022878392,-0.399955118622779,""
104,-1116.59812279361,803.500086742857,34144.6593466439,-0.0327019845609724,0.0235322332135621,""
105,-16231.1169675441,-6103.59791299678,30389.3144715756,-0.534106058322762,-0.200846844330948,""
106,-2975.67062901945,-5891.03841730108,40574.2618122639,-0.0733388728743311,-0.145191511913606,""
107,-6012.3345339794,-6398.70824372228,29913.1054302472,-0.200993325417157,-0.21390986163717,""
108,6340.73636911281,3990.16954997256,22332.1526989268,0.283928578431112,0.178673753657627,""
109,-16707.9003921495,-12926.422771622,32676.6654021972,-0.511309834908248,-0.395585737177235,""
110,-13757.3901453047,1603.53417470686,36872.0516059273,-0.373111599331053,0.0434891497724278,""
111,-11536.1452571447,-14824.1049959152,33245.7000577112,-0.346996611204428,-0.445895408133444,""
112,-20089.7500882628,-3714.06797560741,38066.0640796745,-0.527760107958989,-0.0975690044506217,""
113,2298.74352392706,2779.26428611759,35567.9809911466,0.064629575811437,0.0781395009969609,""
114,-3237.61125101855,-1017.66879013978,24284.5986457505,-0.13331952890171,-0.0419059340854235,""
115,-1419.87810096652,-3021.25183400547,32111.3043918899,-0.044217390973539,-0.0940868610360321,""
116,1200.13542844661,5808.98038411164,45197.0658645486,0.0265533924711684,0.12852560831096,""
117,-20981.5415133221,-10153.3810500008,37615.127243097,-0.557795308725761,-0.269928132487287,""
118,-12960.1459360742,-19303.8704381372,32590.2532170145,-0.397669384455966,-0.592320357549699,""
119,-12613.7629423719,-18064.2308507108,42591.0741028876,-0.296159775447333,-0.424131845256425,""
120,-16223.0050669619,8187.82007788838,43879.5197092244,-0.36971701546568,0.186597759778285,""
121,-238.810484543156,2533.57801104532,39270.6187242598,-0.00608114901932085,0.0645158669089207,""
122,6580.56116451964,8773.74414225843,26578.008075882,0.247594219466398,0.330112930856549,""
123,-8423.05706507028,-14892.5136827651,44757.0352455921,-0.188195152311833,-0.332741290861794,""
124,-3744.66458736786,-2033.4913383954,43009.9572240664,-0.087065061884612,-0.0472795480312068,""
125,-6278.46750343277,-1878.94819022056,37692.5194090518,-0.16657065120261,-0.0498493658603605,""
126,-19700.1423071519,-17770.7892598571,35834.8498308548,-0.549748147407876,-0.495908015346444,""
127,-13630.2524918619,-10309.4889856645,47744.2260043027,-0.285484835184752,-0.215931639246502,""
128,-21291.2360433602,-7276.74645523825,28942.6732394371,-0.735634744835831,-0.251419293409394,""
129,-9229.98827055858,3881.92424580965,37602.9590788325,-0.24545909408907,0.103234541666559,""
130,-15994.3055323653,-7369.0119671091,45019.5464874259,-0.355274692445705,-0.16368472234982,""
131,15858.9563159523,48.4075741119964,28687.3399038084,0.552820734481795,0.00168741940780539,""
132,-14505.8864284081,-7892.35382006045,39588.3092640448,-0.366418437616449,-0.199360719535161,""
133,4951.71947162723,6868.07867713007,29757.2679903596,0.166403699198173,0.230803401688458,""
134,-30859.2190983122,-17755.6291343776,57065.0737770332,-0.540772438477632,-0.311147045980402,""
135,-5225.68823287353,-10362.3764964496,37965.0678435577,-0.137644643607829,-0.272945027759459,""
136,5363.49500040733,-2014.80300046064,33622.1783441852,0.159522531392881,-0.0599248204514116,""
137,468.265780666242,5386.22015743743,28307.9258906243,0.0165418611902377,0.190272511601472,""
138,1835.9659522736,-9321.39478343076,43652.3808441736,0.0420587816006525,-0.21353691604372,""
139,-21366.9371963767,-5964.45870906192,44048.8683235502,-0.485073465212117,-0.135405492491917,""
140,-22946.72014081,-14021.1594078761,40299.9641019297,-0.569398029307704,-0.347919898201714,""
141,-5997.10272883761,3271.71612621165,35085.3925669015,-0.170928762373179,0.0932500931825996,""
142,-17723.8936768351,-8542.35948195047,32425.6347726966,-0.546601286330382,-0.263444633908706,""
143,-14265.273642637,-11448.294866068,33922.908798837,-0.420520354761738,-0.337479752516403,""
144,-19653.0649323206,-18925.3556097056,39300.8343227372,-0.500067371876389,-0.48155098831468,""
145,16723.0295613704,3081.13913707846,29901.2773719639,0.559274754497622,0.103043729495229,""
146,-3208.11223728444,-2112.67614879999,33677.9858018186,-0.0952584354706627,-0.0627316657603052,""
147,-15968.3976050154,-1440.76927005649,37474.0219616263,-0.42611912917613,-0.0384471480411642,""
148,7563.58506634133,6626.67998487185,33362.1819337876,0.226711342841797,0.198628494923489,""
149,-3196.60055226483,2004.21637784271,37218.1091246054,-0.0858883115625968,0.0538505696550203,""
150,19338.4016673306,5163.74814706935,35615.1755500261,0.542982067859451,0.144987300141654,""
151,-8160.921252696,-7996.12361596138,30023.7268704606,-0.271815730535614,-0.2663268171357,""
152,10960.5624920722,-11381.6312242905,42762.2340080664,0.256314075873694,-0.266160818963376,""
153,-10539.8312337072,-12337.5047622915,38793.1177167131,-0.271693327426642,-0.318033339119227,""
154,-20311.5688256563,5659.49018206084,45724.4373812729,-0.444216921824285,0.123773861553926,""
155,-26331.0274075554,-26388.5504183602,51979.4038627633,-0.506566552342056,-0.507673202409778,""
156,-14826.9528426075,-12274.7956740505,34534.7775047836,-0.429333961701468,-0.355432887104896,""
157,6584.13405427853,6967.14332465025,35568.5926837115,0.185110895807067,0.195879083173308,""
158,-9468.87373595833,-246.720359872302,37849.1733854834,-0.250173858211392,-0.00651851382220487,""
159,-2242.57100102343,1529.97312689803,29176.3965407257,-0.0768625076058706,0.0524387281603614,""
160,-1799.56199442999,10552.8541452613,36350.6854981966,-0.0495055862019237,0.290306881442026,""
161,-14168.2200437114,122.097196755051,40789.4836914979,-0.347349825530267,0.00299334989573553,""
162,-23987.1860354147,-15012.140008044,40665.2190099493,-0.589869835191244,-0.369164125351719,""
163,-9656.06085037904,7590.45178934527,39435.7145174809,-0.244855734669109,0.192476588346855,""
164,-19971.8026485613,-5139.05676352017,39240.0656797143,-0.508964557082432,-0.130964530117412,""
165,-17698.7486997582,-4217.26885654494,50438.1819496714,-0.350899814696305,-0.0836126262590719,""
166,-1461.3430241282,2326.07596566902,33544.3752652054,-0.0435644728087695,0.0693432489733022,""
167,-18860.4448953905,6615.06183663857,43967.4407647976,-0.428963900725627,0.150453647553098,""
168,-10472.8227552314,-5030.5849311374,35211.9429593158,-0.2974224616725,-0.142865871870512,""
169,4035.56674318552,10162.3565478153,33849.9922952791,0.119219133286135,0.300217396186307,""
170,-1560.79521446734,-7591.2839159029,31497.3128570656,-0.0495532816259663,-0.2410137001322,""
171,-2967.98067700686,3718.70504399496,38293.0524238638,-0.0775070277541323,0.0971117424339226,""
172,-24568.6840435671,-1385.17749867019,34556.4550548016,-0.710972349582868,-0.040084479049529,""
173,-28616.5409017271,-14384.4994703583,39816.1963020871,-0.71871608941779,-0.361272567605968,""
174,-5151.29930519302,2646.80810166365,49527.4894177744,-0.104008892147566,0.0534411926140105,""
175,-28366.477743812,-6831.29330557167,55734.0733066799,-0.508961144607606,-0.122569424775076,""
176,-4748.41151245962,3734.0207548971,33923.4063783508,-0.139974490164701,0.110072105178685,""
177,-4526.14261004823,1643.36325824294,33726.2513373508,-0.134202362568403,0.0487265317987761,""
178,-9479.12245435479,-2397.24150482491,35114.7076347804,-0.269947355192156,-0.0682688726831516,""
179,-4904.75795181951,-1414.39114930577,39230.7596296955,-0.125023272506477,-0.0360531165507984,""
180,7550.39666913561,9262.30061921399,39367.4827429103,0.191792721887847,0.235277949563134,""
181,-14489.5356024953,-46.5149007927368,32099.7386544348,-0.451391076995373,-0.00144907412778298,""
182,-10050.2618312415,-4388.38370360857,32107.9993144265,-0.313014265785344,-0.136675713134104,""
183,-5484.17218588378,6476.53178843931,40444.6844299434,-0.1355968593446,0.160133077553311,""
184,-7708.91249375395,-2195.78288692853,36536.809357637,-0.210990303457973,-0.0600978280679991,""
185,-18592.3466909945,8426.72139423216,37795.192372911,-0.491923589316619,0.222957494463551,""
186,-3214.47434031872,-10103.4000422165,39855.6472906347,-0.0806529201966832,-0.253499835758296,""
187,-34042.0888623167,-6180.22190535593,32356.01415013,-1.05211008699537,-0.191006898336738,""
188,-14125.039672429,-7304.47243401004,37179.9225549662,-0.379910411366423,-0.1964628200398,""
189,2259.23170209573,580.339396966255,31219.1404878559,0.072366877075766,0.0185892176369175,""
190,-8692.76707135595,-6979.64773591552,30469.2309091188,-0.28529657008029,-0.229072002399203,""
191,-13577.1491021343,-7852.76975439507,48977.28060468,-0.277213208543002,-0.160334948315703,""
192,-11084.4123081644,-19097.0345425431,49207.3261851968,-0.225259390572189,-0.388093319085646,""
193,11980.0456577192,8048.61246030139,35752.0505445508,0.335086952363495,0.225123100289646,""
194,-20386.7601966658,-4805.13969338989,33581.5200576889,-0.607082709825045,-0.143088808521331,""
195,-10964.902596538,-104.490245639458,35175.0435719764,-0.311723923642092,-0.00297057899660157,""
196,-25466.3591207474,-21682.5802336955,42645.147599249,-0.597168975942197,-0.508441908501622,""
197,-5536.08828108132,-9147.18807013674,30844.3124859726,-0.179484898021281,-0.296559959775298,""
198,-9721.63062178631,-10301.8586352448,33908.5799823251,-0.286701201491001,-0.303812741218143,""
199,-15657.0209830536,-4904.60713031533,28407.5149473267,-0.551157713446071,-0.172651748645014,""
200,-3498.77352099449,-3103.44938552204,25546.8829435601,-0.136955006554976,-0.121480549794603,""
201,5031.71271769461,14162.3194941946,37830.2494982512,0.133007653516195,0.374364950853663,""
202,-7192.85142847938,1642.33585588345,29858.1959553486,-0.240900402664512,0.0550045239953372,""
203,12420.8355912293,1793.17642241097,32636.9579504582,0.380575775784117,0.0549431238393279,""
204,-17175.2134268957,-4053.28252598579,32004.1435641916,-0.536655929956285,-0.12664867965787,""
205,-8960.61004601553,-832.375692802817,30931.0568082354,-0.289696213794731,-0.0269106774451107,""
206,-7702.1448716597,-7022.70947665106,43642.3308964334,-0.176483352594926,-0.160915087081771,""
207,-15804.7170913361,-13976.0423343714,41383.6160306601,-0.381907590666479,-0.337719215353654,""
208,-11927.4959978402,-8891.24518910925,38431.3191935801,-0.31035874510997,-0.231354150096271,""
209,-6375.44426285968,2813.72696713544,41338.4060812484,-0.154225691487211,0.0680656859774714,""
210,-7220.48478959718,3514.90132821439,41976.4965691228,-0.172012563690426,0.0837349854203862,""
211,-14096.7305597575,-6370.67899051242,43436.1722494316,-0.324538969014287,-0.146667596627274,""
212,-3619.41993796858,-6310.26442580838,29593.2519082422,-0.122305583353633,-0.213233221052359,""
213,-2779.94135839511,-3940.11612980589,52829.9385573981,-0.052620567699029,-0.0745811227004376,""
214,-2571.12347229998,-3005.21001584031,40205.9092696791,-0.0639488950505832,-0.0747454807123752,""
215,-8930.97635476675,-9865.73476352731,31738.0916784011,-0.281396135762145,-0.310848392004655,""
216,4389.46381112271,-14127.4576803532,30262.2722343744,0.145047396875136,-0.466834002778749,""
217,7882.70837226168,9540.75765097265,39760.9600831346,0.1982524656291,0.239952899301834,""
218,-5171.86906438282,-8022.61386027922,27112.1470974466,-0.190758372835396,-0.295904777716214,""
219,-16988.9080420492,-7835.53030584676,39288.319445443,-0.432416257092404,-0.199436637057674,""
220,-18590.0514999119,-8910.4356120472,45139.0240934846,-0.411839907336303,-0.197399828440982,""
221,-14689.9005604486,-9192.56113353906,40918.7318725824,-0.359001852896901,-0.224654106147863,""
222,-32409.0192852149,-5824.55752428405,43686.1631365402,-0.741860052665214,-0.133327285027973,""
223,8866.08508363431,5065.53291215986,41984.2887944468,0.211176259934812,0.120653059932978,""
224,-220.006357826595,-3544.75920596361,28040.5077501864,-0.00784601904454216,-0.126415656861279,""
225,5017.9271283095,-1155.86431387624,37643.0553857671,0.133302864947748,-0.0307059111443243,""
226,8508.58930952422,-4669.91228434559,29360.4310748589,0.289797833275345,-0.159054622612282,""
227,-15712.0891071027,-15663.0049102414,31881.6887130411,-0.492824870367539,-0.491285297062526,""
228,-8132.73356787736,-10594.5699989091,30329.6453461199,-0.268144697211825,-0.349314008720002,""
229,-23471.5119214922,-3977.99274981297,50993.8528090492,-0.460281203096837,-0.0780092605418324,""
230,-2828.64803309182,15454.383428391,42415.3353504381,-0.0666892766430198,0.364358393036527,""
231,4191.39369645181,-4490.1784582168,34963.9922250955,0.119877434746809,-0.128422933780255,""
232,10173.3995027639,-1307.45474843532,22994.4799192827,0.442427901760575,-0.0568595051083942,""
233,1987.59258444487,-4402.97408247418,37166.4530002219,0.05347813482317,-0.118466351428475,""
234,-3508.22121957523,-2724.12775496215,35983.1720973888,-0.097496163208741,-0.075705603374524,""
235,-12073.8043935938,-9421.96049289031,33266.4654428397,-0.362942207200814,-0.283226978504213,""
236,-23572.5475762884,-8080.18877000503,52717.2990765571,-0.447150138364561,-0.153273952033673,""
237,-29842.3424107429,-11054.6592933373,37782.8394628042,-0.789838530799718,-0.292584132122209,""
238,-14826.7294170663,-11521.3856071557,43435.5220003161,-0.341350321908376,-0.265252610687442,""
239,-17690.4705180163,-12115.0636980069,34942.51006084,-0.506273604478173,-0.346714179288002,""
240,25151.5166070851,5089.69067593816,24757.105101529,1.0159312449472,0.205585049425824,""
241,15366.7780711036,3261.21008989644,29355.7220938331,0.523467895696281,0.111092824747157,""
242,-1302.05578524061,5899.02737819081,42974.9642462348,-0.0302980074114825,0.137266603513408,""
243,-6713.47486714778,-7012.50004457957,44675.2327217922,-0.150272857199309,-0.156966167098643,""
244,5624.80414017581,-624.607058460715,27089.24098512,0.207639783752726,-0.0230573849892586,""
245,15275.4115101127,-4072.66797531931,28791.1539758638,0.530559196165546,-0.141455531054209,""
246,-15066.9602602231,-13817.8667215478,41546.1372898817,-0.362656103384431,-0.332590888657971,""
247,-20255.7196269561,-11887.4648781375,27279.1455756583,-0.742534973127262,-0.435771158783834,""
248,2938.56648769902,-9738.23808030835,34660.9214136809,0.0847803915143222,-0.280957276469419,""
249,-14525.7154951992,-7279.50522496806,38322.3026501394,-0.37904078019034,-0.189954797117119,""
250,9414.26502160742,4412.43335533831,29291.4023837287,0.321400283205185,0.150639197725453,""
251,-17791.1039356154,-9563.36574559486,34506.6617774268,-0.515584615236639,-0.277145491710558,""
252,-13455.0523751435,-9635.65346089182,50194.1218719627,-0.268060320080212,-0.191967766374534,""
253,-8206.30675381375,-763.548959836095,29553.4990073444,-0.277676316830518,-0.0258361610463229,""
254,2584.76890891225,-8367.52446143451,41385.4075188088,0.0624560458354198,-0.202185382797829,""
255,-12627.9975745147,-4862.67934914467,48567.0717668521,-0.260011508108535,-0.100122967521866,""
256,-15977.0357898435,-1856.66401926281,34944.0341608631,-0.457217839139409,-0.0531325035545625,""
257,-8907.1204045347,-6689.50844854266,40047.1256217462,-0.22241597283821,-0.167040913540875,""
258,-4523.47233457851,-7493.23385642049,29973.528593446,-0.150915576071601,-0.249995052569785,""
259,-1704.68229709842,9155.93430116881,35275.6534332046,-0.0483246129040894,0.259553924876426,""
260,11618.8146755909,10422.7308219116,31906.3427863981,0.364153759438204,0.326666421522774,""
261,-18100.1491357433,-10743.2243350573,43905.5825227574,-0.412251656753705,-0.244689256303315,""
262,-4556.91626660894,-780.463960554099,29399.4660305304,-0.154999967070039,-0.0265468753664985,""
263,-3696.85023317929,11766.6927555395,39576.0137806504,-0.0934113843215499,0.29731879569166,""
264,-711.440078192097,-9882.38155293694,28083.2769248766,-0.0253332287430422,-0.351895598913636,""
265,-16101.5686515814,-14227.9787821353,34397.4963290505,-0.468102925211531,-0.413634139125384,""
266,-7345.40829250617,-12958.9006160447,38683.4067300586,-0.189885248312385,-0.334998949458479,""
267,12693.8947871929,1347.13934572872,28560.4581203058,0.444456973824515,0.047167987994245,""
268,-7890.66582008668,7205.92215331287,40803.849642228,-0.193380425848855,0.176599076226755,""
269,-23513.7081852757,-10813.3294601996,43904.0443087506,-0.535570436744232,-0.246294609766608,""
270,-10592.106013464,-7172.609755746,35238.9091390541,-0.300579849724268,-0.203542332353212,""
271,-5401.63678403177,-5745.02734357455,31071.3923389733,-0.173845984277197,-0.184897647356745,""
272,-4690.39885510434,4269.63413557319,41789.2548839846,-0.112239351195082,0.102170621309869,""
273,-14159.9229067512,-2854.84834389598,33231.9936179513,-0.426093091781959,-0.085906622898298,""
274,-1838.03772121708,1485.40724034578,31190.6852543737,-0.058929058666941,0.0476234243727456,""
275,-8355.17726309687,-21458.6244589101,43575.2206543072,-0.191741479162677,-0.492450161736336,""
276,-6416.39698388137,-6931.0782494027,33454.776704511,-0.191793149317783,-0.20717753732513,""
277,-10948.2332832218,-12859.9554923002,41639.7378537173,-0.262927526625732,-0.30883853153634,""
278,-20532.7886661938,-11905.0428051141,38983.7140283561,-0.526701705518837,-0.305385033259133,""
279,-25310.2179570531,-15744.9336667364,43532.188319169,-0.581413867170744,-0.361684865261031,""
280,-10302.8751344289,-4352.4853353123,37172.4829267582,-0.277164028960049,-0.117088905357442,""
281,-9386.97272103473,-2463.78873418875,34260.6953484319,-0.273986637619846,-0.0719129810160586,""
282,-8550.67220046493,3669.47041121112,41216.3687179442,-0.207458164472948,0.0890294444986746,""
283,-9224.40269858567,-2010.63848228134,26502.2558813291,-0.348061038271247,-0.0758666919255671,""
284,-18572.9177364219,-12001.7205454981,42188.0984400113,-0.440240694015432,-0.284481192309812,""
285,-28264.9162604711,-37598.1330809268,63312.7890490823,-0.446432966940678,-0.593847367105869,""
286,-16465.3061252413,-7488.45376270668,39177.2007551402,-0.420277758693134,-0.191143155160828,""
287,6440.88267741973,14107.6694862389,50779.5528612146,0.126840082562824,0.277821853311637,""
288,4696.60062478908,-2123.39936698067,26583.6034025457,0.176672836773488,-0.0798762806842554,""
289,-8042.18206230755,-1367.56522386796,54436.4372775769,-0.147735275571023,-0.0251222396663214,""
290,-9068.26567089958,9699.06402919803,30478.5894565675,-0.297529046868196,0.318225488847487,""
291,-2167.00174429292,-2572.37412761367,31697.7875303067,-0.0683644479041643,-0.0811531128207035,""
292,-20926.5190366459,-6756.64121624695,36597.056717518,-0.571808798673937,-0.184622530396351,""
293,5981.22545285845,2066.77994834276,25627.8819209344,0.233387428243636,0.0806457574105837,""
294,-9366.83669918622,-14133.4309491372,34542.2276171908,-0.271170603210448,-0.409163853176145,""
295,-4697.78759860798,1926.58374101519,40699.9419387977,-0.115424921383727,0.0473362773812376,""
296,19329.6859107163,18460.1680611257,20218.2389979054,0.956051905050625,0.913045298506867,""
297,-11981.0344896596,-9869.05938683495,40563.3965766379,-0.295365662168438,-0.243299630202046,""
298,1856.27558943209,7833.03799270038,39068.689626828,0.0475131264232986,0.200494003446728,""
299,-12556.3728054334,-1882.53232588767,29868.0278292568,-0.420395108683205,-0.0630283437744645,""
300,1335.39732671561,-2493.71067678811,31070.8039656567,0.0429791687460569,-0.0802589685012488,""
301,-19115.2202928168,236.230314603123,47375.7266933312,-0.403481310514811,0.00498631537901827,""
302,-1310.45771360357,-5454.09055217519,25589.7974038676,-0.0512101636805262,-0.213135354926681,""
303,-14320.8203640076,-9335.7134962179,32075.8637775627,-0.446467177417842,-0.291051039527993,""
304,262.117176431189,-1375.83470262744,29177.1902929077,0.00898363323540797,-0.0471544617153173,""
305,-2052.85163998922,2933.89405275955,37019.6208995879,-0.0554530702936527,0.0792524067363482,""
306,-16558.4979968414,-28780.2859056397,49368.360351272,-0.335407088244824,-0.582970260726883,""
307,-11912.7867625399,960.969868810554,33483.935800757,-0.355776179760521,0.0286994299155486,""
308,-11551.7719351036,-17082.4101244127,50710.5137431566,-0.227798361373582,-0.336861310672838,""
309,661.978939929094,-3023.66408978808,30906.3967631559,0.0214188326449705,-0.0978329539013957,""
310,-307.129630184992,2301.73719864672,20574.9260017401,-0.0149273747161481,0.111870983081643,""
311,194.708984627196,-891.251190369998,35909.5423854372,0.0054222073491574,-0.0248193413551112,""
312,12619.32020186,-2938.38336404616,30373.3901190239,0.415472890988093,-0.0967420282204768,""
313,12823.798016048,-580.42548556717,22949.0246064283,0.558794904618991,-0.0252919457589751,""
314,15894.0451289539,531.934914570521,31979.7117274901,0.49700401505781,0.0166335118685033,""
315,-6125.83279747349,-1365.37788428352,38052.9868894833,-0.160981654745386,-0.0358809648306707,""
316,-10836.103393226,6599.41797748462,37649.889449632,-0.287812356201537,0.17528386069535,""
317,-12401.2283474334,-6699.30941862498,42799.109795332,-0.289754352525949,-0.156529176673568,""
318,-15437.221643105,-6463.36555113635,46043.8212278854,-0.335272382513636,-0.140374221312934,""
319,-17359.2837071707,-7915.4349740602,42601.9326086102,-0.407476436964793,-0.185799903651799,""
320,-19997.6967839599,-21794.2153155653,38262.2997891566,-0.522647538024549,-0.569600244513836,""
321,-827.342346187958,-10733.6778625827,39613.5880637246,-0.0208853170497217,-0.27095949615359,""
322,-465.344639030022,-9617.26099626347,32259.5762298344,-0.0144250078089885,-0.298121119996896,""
323,-16673.9016076567,-601.988864809684,37016.0005676265,-0.450451192780654,-0.0162629364485199,""
324,-3483.81998051478,-4812.40630991457,41767.2073172443,-0.0834104122416733,-0.115219729041537,""
325,-12291.5526842514,-10202.8204449335,43993.2410456962,-0.279396388901741,-0.23191790835178,""
326,-5156.13203800906,-5146.57278966536,31632.988407337,-0.162998575146101,-0.162696382756922,""
327,-7884.40073161412,-2440.77776080019,30321.2623260192,-0.260028776072703,-0.0804972344012775,""
328,-14790.6573096138,-14570.0478269608,40153.5491485017,-0.3683524276998,-0.362858281171504,""
329,978.501775945246,4094.97940742192,34295.0935949902,0.0285318298734191,0.119404234780106,""
330,-9371.41101164819,1287.68963767538,27673.2600762409,-0.338644994692696,0.046531909653136,""
331,917.786188620862,-9059.83415766895,29380.7315881337,0.0312376901122345,-0.308359719719438,""
332,-12724.9676866465,-13154.925032075,30957.1544699379,-0.41105094781898,-0.424939735493118,""
333,7873.37726784617,-16002.4819848266,38713.9553744861,0.203373103876516,-0.413351770182925,""
334,1618.98865254497,2624.3116445701,32236.4927794437,0.050222233033283,0.0814081005190351,""
335,-19742.3705493196,1703.36085300762,35990.4548679845,-0.548544624449344,0.0473281279510266,""
336,122.647705315719,-5465.47702555848,42841.1180985515,0.0028628502419937,-0.127575499149806,""
337,-9608.89164142402,-6343.01737092645,45258.2873878102,-0.212312312197922,-0.140151511182345,""
338,-14332.1219022725,-1970.38505248749,35245.253923472,-0.406639768673302,-0.0559049753696138,""
339,-19848.2943493255,-16421.7194249125,37989.9927307332,-0.522461125223343,-0.432264347648259,""
340,-15317.8819559451,-4646.25501993583,40614.2330054644,-0.377155514764593,-0.114399674107122,""
341,-7262.19952227215,-958.838910425693,37442.608210798,-0.19395549266725,-0.0256082296678567,""
342,2077.31460159656,10176.4501852609,25558.6687000277,0.0812763225650446,0.398160416909739,""
343,-1673.161661725,-4851.73361111748,44250.3960124819,-0.0378112245877538,-0.109642716186064,""
344,-16559.8163714246,-5155.88614752629,38239.1510839928,-0.433059205081482,-0.134832651912207,""
345,-24378.277768248,-28960.060728232,44416.678118139,-0.548854142207728,-0.652008703829772,""
346,-4357.91477049278,-11218.3987910622,43054.7698691573,-0.10121793203718,-0.260561113789592,""
347,-1556.62222069095,5973.22153837718,40291.9637507932,-0.0386335655000261,0.14824845905555,""
348,-2238.88184794888,-5518.05673729409,32561.3818149833,-0.0687588094593287,-0.169466295031587,""
349,17969.4076355357,11616.9876297366,44465.8558023268,0.404116986197651,0.261256359967071,""
350,-8582.84808437928,-15667.1578730214,34986.7297449282,-0.245317243050516,-0.447802866608091,""
351,197.201307405247,1776.60957111165,34813.1645557962,0.00566456137847468,0.0510326939185384,""
352,-18614.7883692284,-16615.7645340072,48236.2040262641,-0.385909064467279,-0.344466669163271,""
353,2676.33225385236,-5149.71602023296,42117.6587468092,0.0635441839239254,-0.12226975984564,""
354,503.603752153631,-104.447782462601,23893.7590700251,0.0210767904153434,-0.00437134157737578,""
355,6708.91150759387,2580.77480983403,32502.3783366629,0.206412941173174,0.0794026450342218,""
356,22.7814658962536,-11738.9107693621,33036.8904227523,0.0006895765795368,-0.355327351307785,""
357,-700.901097237768,7049.18112183815,30888.0173660103,-0.0226916829569337,0.228217338727451,""
358,2683.87656147213,7752.23093819376,39998.415844468,0.0670995714407356,0.193813449221038,""
359,-33658.2475625168,-6987.72048141828,41866.3972805029,-0.8039442070214,-0.166905225558361,""
360,-17414.3934281345,-21153.7882566831,38324.9532786863,-0.454387857996927,-0.55195861826262,""
361,-33097.0529178964,-22747.3725837121,40250.8173142696,-0.822270332040261,-0.565140638166563,""
362,-26198.6952789379,5587.47162622986,47585.4072937291,-0.550561543315621,0.117419855035394,""
363,-17644.1584105437,-4670.565981321,44464.2122231065,-0.396817069917066,-0.105041014960204,""
364,-18012.4544002441,-7533.5502694751,36867.5020337346,-0.48857268343709,-0.204341217980587,""
365,-21500.9812997281,-1383.61860550215,34492.1539884221,-0.623358613873327,-0.0401140098692181,""
366,-8839.19395293825,-3357.42892605473,31331.5797982629,-0.282117723072117,-0.107157983978863,""
367,-13916.9777371394,-10075.3405602427,38225.6046457778,-0.36407475738063,-0.263575701512301,""
368,261.237787368908,298.473714567932,36029.11325807,0.00725074151833014,0.00828423703991876,""
369,11521.3964521161,4528.37067988155,30695.2438370205,0.375347937070973,0.147526786362258,""
370,-6904.66373108266,12005.7451567877,35626.9710351846,-0.193804399601182,0.336984728365795,""
371,-12048.0613780427,-4080.42436522285,39215.1694994238,-0.307229613739646,-0.104052192488491,""
372,-11614.3632035583,-1267.70694897211,29318.550783243,-0.39614383703428,-0.0432390727067131,""
373,1685.26547111453,-1113.75776535192,28440.0996104475,0.0592566655601815,-0.0391615282860254,""
374,8342.04770916402,3765.44546354603,30273.4302394961,0.275556738802615,0.124381196110161,""
375,7851.35955178802,-1756.60662544091,40460.5096736526,0.194049941909178,-0.0434153360797822,""
376,1866.20939655355,-948.722623172875,41935.2749704904,0.0445021380655497,-0.0226234983278514,""
377,-12846.7448332539,-15021.3696363906,31419.4251580601,-0.408879053917329,-0.4780918034249,""
378,1597.76545849297,22.3088734201028,32902.5429841198,0.0485605461943814,0.000678028851170257,""
379,-27205.9551101038,-46442.2959470522,45594.2005067801,-0.596697711720115,-1.01860094992007,""
380,2702.28967588415,-1613.62176878057,33289.3168381839,0.0811758826118215,-0.0484726609628016,""
381,-19697.0615424839,-10926.0216086347,38133.4659273394,-0.516529538123159,-0.286520549415923,""
382,-12118.4305756124,-5442.64911686167,35323.9584952038,-0.343065474308543,-0.154078120027252,""
383,-14789.2712854208,-5180.57277460041,29249.6654978323,-0.505621894599678,-0.177115624620882,""
384,922.83627905201,4533.1633205976,34908.2650018142,0.0264360396887112,0.129859313270425,""
385,-3101.35497414805,-3763.00994289999,41729.1840519603,-0.0743210068590441,-0.0901769356001393,""
386,-5831.31869601984,-241.551422039014,47789.6982591113,-0.122020412524954,-0.00505446635652195,""
387,-6279.53236511342,-4945.93801970157,38203.1738249151,-0.164372007255012,-0.129464060823029,""
388,3496.65504234151,-5267.08426514024,37297.2785878698,0.0937509430910257,-0.141218996789038,""
389,21561.2499379533,-4103.58400632948,40975.8874900717,0.526193604547979,-0.100146311835803,""
390,8414.32367175427,1851.20133926254,27804.9185252323,0.302619972222485,0.0665781968604805,""
391,6830.27597768579,7463.61375727043,33949.8493360091,0.201187225017851,0.219842323404779,""
392,894.508735507562,3063.1412846985,37869.8470193929,0.0236206059942489,0.0808860221465877,""
393,-976.267474614352,7398.83761932851,32758.9186565811,-0.0298015781549073,0.225857199283412,""
394,-11389.7668234735,-6545.03565454315,25674.7673147711,-0.443617139109214,-0.254920933627222,""
395,2124.50790376084,1132.40916930627,30575.8812568518,0.0694831290687577,0.0370360271808194,""
396,-690.438713598409,2342.64355625588,32048.4934802834,-0.0215435622277589,0.0730968386297816,""
397,4892.499906638,-2622.68175487843,30943.9124010718,0.158108640020211,-0.0847559843398337,""
398,1849.23330383786,-6667.01360172996,36642.6903359979,0.0504666356886238,-0.181946618564201,""
399,5303.7417359152,1890.95141085313,29158.9719752591,0.181890559804898,0.0648497283257301,""
400,-415.408851209791,-8316.03530312934,36384.3776098883,-0.0114172311991643,-0.228560603462659,""
401,-206.857341632104,8134.78995947907,28319.8308381312,-0.00730432829258223,0.287247123966786,""
402,-25222.5335714397,-5616.07183228923,35977.1143659517,-0.701071612216626,-0.156101230775868,""
403,-19645.8918808818,3290.35146784988,41635.9872145959,-0.471848830667205,0.0790266230722738,""
404,-9751.24983190413,1868.88220587797,39494.7596674343,-0.246899839725942,0.0473197513192863,""
405,-2552.1079710331,4608.75116549079,29814.7581886824,-0.0855988150191292,0.154579525224533,""
406,-24761.1751500124,-1454.02389630674,28630.7900846974,-0.864844283960112,-0.0507853220957352,""
407,-6694.23524734902,-4506.58532496001,34691.3217587629,-0.192965701736576,-0.129905264385658,""
408,22953.2363298036,8871.47978038643,31589.9899126743,0.72659840643363,0.280831991555245,""
409,-16526.3679946968,-3255.89244124557,37569.156566899,-0.439891908812713,-0.0866639748871615,""
410,-13943.1091298485,6089.13997090963,37060.8199118938,-0.376222359974657,0.164301275184564,""
411,-15290.5812630401,-7949.55006669221,47233.7312953092,-0.323721646453086,-0.168302394256998,""
412,852.812003647434,-7790.27868409398,31398.0608348195,0.0271612953466761,-0.248113369965027,""
413,-33735.0370457496,-4024.76369800662,39083.8418148789,-0.863145368501286,-0.102977688761252,""
414,-807.842299544806,-4892.8037137957,35891.4572246382,-0.0225079270113962,-0.136322236324162,""
415,-9578.593694911,-2391.94348402518,43708.2899700439,-0.219148214251251,-0.0547251673690398,""
416,-815.345402012572,3919.90355750518,37316.5393047774,-0.0218494377346559,0.105044670018566,""
417,1289.21951939416,-11029.4475873221,43818.4185640437,0.0294218632630447,-0.251708024816134,""
418,-2688.92128492637,3682.22874858868,38473.8511624468,-0.0698895796413267,0.0957073086611824,""
419,-7447.30500296536,-4402.84777928322,25651.297434876,-0.290328589494263,-0.171642303492104,""
420,-12847.1867304046,-20149.0921049335,40037.9134668576,-0.320875530665184,-0.503250303530736,""
421,-2740.64601120327,-1125.1651044665,25865.4836924341,-0.105957655530135,-0.0435006403841434,""
422,-6318.92578202758,-4754.90538856314,38807.7516197099,-0.162826381799926,-0.12252462949047,""
423,-17678.2304523881,-10530.6115286713,54513.3068456978,-0.324292021073442,-0.193175063814761,""
424,-15458.5655198332,4382.10413515223,35541.2934676399,-0.434946621565929,0.123296135497773,""
425,-10184.3527617823,-3265.72239271546,40861.7468859549,-0.249239289504847,-0.0799212623442188,""
426,-2345.46589654117,-900.701865198941,42660.6920858557,-0.05497955569546,-0.021113156424801,""
427,-16479.1174326399,7713.23496167607,37278.375155311,-0.442055678767753,0.206909097554301,""
428,-18179.9635481915,-18315.273018361,38317.3792251057,-0.474457385025955,-0.477988666990063,""
429,-9467.53131773768,-27415.1512985808,41059.3307447532,-0.230581725176987,-0.667696009684329,""
430,-3376.95599172834,-1859.57529118342,32079.312846613,-0.105268962832067,-0.0579680524977254,""
431,8298.54702899217,-837.376722409675,29079.4978072572,0.285374495941988,-0.028796120481857,""
432,-12395.5661720083,-7087.56366675685,35515.6900942047,-0.349016621643261,-0.199561479671582,""
433,-4072.80292975792,5958.93045025654,43445.7083045867,-0.0937446548507059,0.13715809185294,""
434,21756.4784591859,-1280.21744810672,43812.7609404508,0.496578576473571,-0.0292201956833251,""
435,-20896.0277638031,3071.33436904709,46895.9919986485,-0.445582380780116,0.0654924704255239,""
436,1466.76452310955,134.619147465406,34443.7727098291,0.0425843166329739,0.00390837405064488,""
437,-11216.5524020371,-5596.00221604045,28754.8779691949,-0.390074769715712,-0.194610536064018,""
438,-13448.1419893497,-7817.58590541174,47124.3761468634,-0.285375491177611,-0.165892613220983,""
439,-14373.8679388959,-11313.8885773825,44750.4861619628,-0.321200263319451,-0.252821579109438,""
440,20325.2683202705,2359.82075099831,26422.7054538742,0.769234942869574,0.0893103378500669,""
441,-9177.36624491848,-2012.87973346556,38009.180969858,-0.241451302310258,-0.052957724478773,""
442,939.877219667738,-5457.43282146762,30905.9280902056,0.0304109042422057,-0.176582072071705,""
443,-15094.9733542232,-13058.626709185,37808.0896903745,-0.399252474214961,-0.345392396604201,""
444,-9362.01163533508,-5821.96513507694,28237.1301633504,-0.331549685863128,-0.206181191268275,""
445,-1044.66675873097,-8115.18037707863,21104.0768175953,-0.0495007086905594,-0.384531408183308,""
446,-9727.81778133684,-9272.64534551734,41447.2341866916,-0.234703665328298,-0.223721691627248,""
447,-11984.8824540606,-4085.25466470484,31134.3920465273,-0.38494030768773,-0.13121356789623,""
448,-3109.60547207786,7068.21403171366,27320.0415499061,-0.113821403470324,0.258719007392504,""
449,-9047.35656502536,-3904.66201642669,29484.1971199932,-0.30685443216259,-0.13243236709264,""
450,-7602.65206355471,-10106.3985153653,36038.2476971101,-0.210960647350353,-0.280435347476001,""
451,-17379.1887596716,-5367.42642531927,39115.0943655515,-0.444309007598288,-0.137221359487409,""
452,-2847.74544232065,3819.09239515225,40186.8510974175,-0.0708626171136772,0.0950333825831325,""
453,-1968.78908362242,-2913.21542472212,28678.4549356401,-0.0686504586122494,-0.101582021460358,""
454,-4044.02134781347,-8153.0391453323,37910.8190637181,-0.106671959289947,-0.215058375067793,""
455,-17655.5667005762,-18657.9384912013,38530.1031071143,-0.45822786021344,-0.484243149812808,""
456,-3711.37611489848,-32412.3471694662,41307.5715913309,-0.0898473565964206,-0.784658742230892,""
457,-15760.3556423686,-13846.8842909767,35288.3855241231,-0.446615944829633,-0.392392116706812,""
458,1493.84848225695,270.141025151214,26193.3790629847,0.057031529939869,0.0103133324074619,""
459,-8546.3601577518,-5730.24827228521,42661.8053352422,-0.200328141075919,-0.134317997732542,""
460,-10432.9037134009,-17030.7009031186,35521.5346529707,-0.293706446394439,-0.479447216160586,""
461,15378.0226109602,11200.6482743299,35010.4855304974,0.439240484041973,0.319922677581065,""
462,-13628.9778512249,1804.48735289996,45383.1251198438,-0.300309373037548,0.0397611964388707,""
463,-10409.1750135548,-16431.2246854239,39165.096338637,-0.265776826477151,-0.419537450983218,""
464,-20154.5971910989,-4886.37115449627,32945.8097801188,-0.611749941058096,-0.148315406029114,""
465,-22632.360889538,-11193.7795208995,49984.6820548903,-0.452785932792059,-0.223944197716555,""
466,356.902966208824,-3206.16543661038,34754.7926502509,0.0102691726519694,-0.0922510304945594,""
467,-18973.2650819354,-15762.0551916494,41378.0412898442,-0.458534635533659,-0.380928016414301,""
468,-31677.432906517,-10260.6205010228,44628.1221152139,-0.709808779870619,-0.229913785629016,""
469,-8710.12042312711,-6426.87776317926,37755.1595365659,-0.230700135558727,-0.170225151795606,""
470,-18852.8660321433,11321.1644920849,39057.6224929649,-0.482693641568661,0.289858003879373,""
471,8270.8736766608,-1298.80591603318,38991.4070045044,0.212120421191913,-0.0333100551073507,""
472,-17617.2708797454,-13268.7047379629,33913.2267251298,-0.519480821525337,-0.391254564052755,""
473,-15529.0475559743,-15016.1974201732,36146.699574703,-0.429611769226151,-0.415423748138881,""
474,-12356.2609479522,-4482.55351497999,34795.2638122861,-0.355113299747114,-0.128826542001881,""
475,-10577.5244132284,-1014.04417494047,41258.0262671558,-0.256374949803377,-0.0245781067754983,""
476,-3824.62945362545,6810.4539231939,38843.8923026575,-0.0984615399462373,0.175328823129498,""
477,-15349.3784359248,-16498.9099750306,39212.268015385,-0.391443270506628,-0.420758880066749,""
478,-6231.71312320543,-3431.7799539125,34035.194097069,-0.183096153511935,-0.100830332981942,""
479,-12156.7870130139,-11873.2413895685,39824.2193996876,-0.305261150030456,-0.298141220808501,""
480,25644.1816789,7435.07958188935,24249.4937412828,1.05751410534575,0.30660762081114,""
481,-1343.52798723289,1598.82754058105,32371.3748383081,-0.0415035812950079,0.0493901648776747,""
482,-17407.4466788087,-4599.8254132219,39981.3584302776,-0.435389075365337,-0.115049252797236,""
483,-13739.1400103302,-17790.4666228006,37627.4285673053,-0.365136299063186,-0.472805804174959,""
484,2317.11538675755,1150.0357547003,26207.7168287959,0.0884134776750797,0.0438815697762995,""
485,-3182.6170911599,-1869.04490411946,30667.6972453451,-0.10377750457423,-0.0609450683292876,""
486,-6896.29262161895,625.879535697505,27259.1299405123,-0.252990195823152,0.022960363630951,""
487,-5962.51043486684,2599.92206901152,35786.473557872,-0.166613522990037,0.0726509714573319,""
488,-5955.55958640424,3294.70870887353,39176.4479199051,-0.15201887620287,0.0840992199091006,""
489,-7812.291465363,977.246507876521,29802.9074943341,-0.262131856324696,0.0327903077262615,""
490,-8246.24290874167,-5795.01814155607,41374.7616209282,-0.199306112849495,-0.140061668382515,""
491,-22377.1114937902,-23655.7562633367,39310.3722389027,-0.569241912994281,-0.601768818661205,""
492,2996.58307528772,6778.72822461852,32519.0157777571,0.092148639914784,0.208454286284247,""
493,14475.9541872489,1271.19000981909,38164.3657377646,0.379305509404146,0.0333082965023894,""
494,-303.987784355019,2250.93892507094,36319.3790387806,-0.00836985081794574,0.0619762502730969,""
495,-17717.4214965924,-9017.39460921239,39368.5465205836,-0.450040020840721,-0.229050737356984,""
496,-1325.99927920427,-3480.38238899506,30817.9665478727,-0.0430268258337052,-0.112933550745103,""
497,2640.95779493904,11724.8759790615,48131.4319318169,0.0548697117235205,0.243601229144211,""
498,-7712.2367186669,1666.29118235167,42453.104056532,-0.181664848544338,0.0392501613105317,""
499,-5783.16616547102,706.989662928617,45417.4965489995,-0.127333442063055,0.0155664604315182,""
500,-1369.37591271501,2821.64270726663,27102.8975028728,-0.0505250743972988,0.104108525923014,""
501,-17538.9341186144,-18229.972863945,46717.5155071286,-0.375425232447093,-0.390217088089013,""
502,-12706.8392409287,-9769.62617556613,27800.3620583442,-0.457074595440917,-0.3514208252059,""
503,2675.2616811107,-4089.85982332364,22444.949459531,0.119192145472828,-0.182217377263325,""
504,-7123.16234762898,3925.30510415252,47015.4159671326,-0.151506951520085,0.0834897452975129,""
505,-6332.12695379273,-1480.80538837534,38166.2736333818,-0.165908964931132,-0.0387987939980645,""
506,-5939.42097244212,-8316.60751504995,41162.7440126853,-0.144291181623162,-0.20204210663135,""
507,-11800.4984086521,-3494.00125914231,33113.4741946124,-0.356365458341792,-0.105515997463981,""
508,-13409.5862605124,-10185.504094395,46434.21033153,-0.288786783812429,-0.219353446988175,""
509,-9393.27801754936,5294.2728867306,46095.4665668248,-0.203778781671119,0.114854524339296,""
510,-30518.3128957026,-24347.6346211328,53949.4626614028,-0.565683352348501,-0.451304487941673,""
511,-17994.9448117003,2918.27226142361,30337.890257277,-0.593150830828917,0.0961923270430325,""
512,-4914.32249765056,9764.2818198893,42102.0274213021,-0.11672412942195,0.231919515945898,""
513,-16426.1812871395,-4655.52546854265,37755.5915146534,-0.43506618829596,-0.123306913804695,""
514,-5002.26346776367,-12688.4928673466,50276.8237980836,-0.0994944208857191,-0.252372602499808,""
515,502.369675724769,-15114.9745040201,45126.5187271478,0.0111324713249495,-0.334946610781367,""
516,-2235.67081145148,879.071046631402,32144.3999909395,-0.0695508646010394,0.0273475643309312,""
517,1327.36772007081,-4404.32831891001,41555.2634268333,0.0319422285075372,-0.105987255421079,""
518,-17987.1630379378,-7275.7913553527,37068.0510663334,-0.485247066422504,-0.196282004207145,""
519,-11051.4784835442,910.431128964816,48839.672244106,-0.226280766756741,0.0186412211043183,""
520,-15250.0148524556,-14478.1718418058,42172.4269354263,-0.361611032625799,-0.343308955492993,""
521,-5991.09564676127,-8134.06768659418,31302.4284106826,-0.191393957304498,-0.259854206193736,""
522,-1027.30407008578,6523.19014556995,29916.7242000731,-0.0343387886727005,0.218044933728206,""
523,1808.21438101018,74.7023531348211,29367.861666334,0.0615711964852733,0.00254367696169233,""
524,3638.48784146854,-7194.18037730519,42683.8569910704,0.0852427146457201,-0.168545695830867,""
525,-7000.44737358429,-11480.9012464661,38050.6656527213,-0.183977001545139,-0.301726685973101,""
526,-10962.2094824489,-7529.65182961576,36016.4233261986,-0.304366965680206,-0.209061620622907,""
527,-14682.9766029713,-5258.62114625136,26042.594764908,-0.563806208080172,-0.20192385565732,""
528,-1615.8028215977,-9228.46294025722,33266.8635970884,-0.048570939574211,-0.277407063437893,""
529,6191.32680864046,-809.879787623379,32488.0604701832,0.190572373944044,-0.0249285360807139,""
530,17078.499072866,8232.77411242749,23751.8462315465,0.719038802557706,0.346616175945639,""
531,-12111.8514514919,-17130.5188212597,39793.0701908593,-0.304370871445704,-0.430490000874442,""
532,-11999.9642023849,-8669.28856111693,35509.0104766258,-0.337941385617715,-0.244143344034428,""
533,-15271.4893227075,-4837.29985812405,42077.6988667434,-0.362935467813272,-0.114961131155089,""
534,-20738.1346162571,-6858.45155039126,31213.8391937549,-0.664389102779971,-0.219724703129869,""
535,-16701.7858051683,-3036.62834488175,38570.3193447841,-0.433021714336075,-0.0787296656202663,""
536,-15034.1057833608,1561.85595711452,40327.8131409465,-0.372797447032803,0.0387290020328105,""
537,-8958.07630618575,-1414.56528548637,26062.3476083232,-0.343717167801297,-0.0542762036154649,""
538,-12584.6143806084,-8262.28987402224,45695.7178756886,-0.275400299320033,-0.180811031276478,""
539,13830.5774830027,10496.3118137039,38319.7068559902,0.36092597302426,0.27391419911301,""
540,-13277.9052355207,-10505.7354335083,47460.5184224025,-0.279767387227976,-0.221357367823216,""
541,-17900.111425328,-9933.26178185766,47513.2147873836,-0.376739639812398,-0.209063138040815,""
542,5081.45871979373,-3910.93283367108,38790.8460538657,0.13099633642271,-0.100821024327242,""
543,-9448.16448693626,-1010.5787252434,31575.1344320515,-0.299228005102191,-0.0320055240752221,""
544,-15334.9993167188,-9426.56036857348,41984.2209764886,-0.365256254851234,-0.224526266042959,""
545,-39176.9900093119,-5469.2345889253,47825.908341221,-0.819158304946305,-0.114357150310753,""
546,19597.8534391909,-1717.80207587031,22957.1137243027,0.853672359450149,-0.0748265699468926,""
547,-31147.6769006012,-6447.46172452355,43952.6817973659,-0.708663854556149,-0.146690974494984,""
548,-1081.23187509118,-15472.8166060153,31814.1735673277,-0.033985854537538,-0.486349789136296,""
549,-3678.57617920634,-12731.4365363484,28337.3832456622,-0.129813545143391,-0.449280599622667,""
550,880.452522755407,-3355.17454496411,30525.8381859865,0.028842861492976,-0.109912609918255,""
551,-10745.828733864,-2358.22665259032,25715.0431468126,-0.417881030668071,-0.0917061129987885,""
552,-6737.91538140117,4033.07095429996,37129.8593337304,-0.18146891753183,0.108620690373479,""
553,-17881.5113562371,162.679963121657,37950.8974589987,-0.471174927432372,0.00428659067410495,""
554,-15881.6045776755,-5623.3097609018,41267.8367904695,-0.384842187350687,-0.136263739469873,""
555,-11431.2609521471,-6211.50485827019,24205.8293312467,-0.472252398201898,-0.256611941415778,""
556,-2182.79795372654,2349.27259846235,31496.8161952967,-0.0693021777246328,0.0745876212978364,""
557,-15176.8426324645,-8071.19059556437,30234.1106866222,-0.501977478013925,-0.266956441326242,""
558,-8908.26660509839,-434.842286413431,39692.2485837904,-0.224433407603326,-0.0109553452356189,""
559,-27783.9880972542,-31036.125535007,50560.0936765395,-0.549524062890459,-0.613846282278708,""
560,-3868.93046184765,8283.22005903249,34401.0427050863,-0.112465499811016,0.240783982335739,""
561,-26183.6458015635,12110.3262552514,39428.5530895933,-0.664078282103493,0.307146098608618,""
562,-4164.15890219713,-3832.64381142417,36679.0428709974,-0.113529650074097,-0.104491380129624,""
563,-8016.08619040751,10565.5130456263,33309.8504026833,-0.240652122225135,0.317188847079755,""
564,-6834.88850153049,-1798.70757179445,36828.3716121748,-0.185587583765745,-0.0488402688757445,""
565,-18235.0083677643,5754.91023590319,51761.6253961839,-0.352288171559402,0.111181018599301,""
566,-17356.5003750986,-2857.99974675786,46491.209617007,-0.373328646814761,-0.0614739812171369,""
567,-13286.917358024,-986.167336361638,43681.5110334057,-0.304177145975164,-0.0225763100458558,""
568,-4459.88052745124,4781.89211921442,26465.0301821829,-0.168519759726319,0.180687196889492,""
569,-2447.29079442059,-7411.15083704905,35123.2786167824,-0.0696771739655089,-0.211003958881785,""
570,343.677547986723,8771.21680504254,34993.2157927684,0.00982126221328152,0.250654779971813,""
571,-9535.93341237694,-6757.19007540807,31623.5359326971,-0.301545451232014,-0.213675981388959,""
572,-1563.80506691062,2244.41323900751,38981.6192619226,-0.040116472750996,0.0575761931264838,""
573,32163.7923702905,6562.07146950389,35643.9938517496,0.902362190501606,0.184100342312841,""
574,-13657.2550956861,-5434.86830165786,36712.7118574193,-0.372003439809257,-0.148037778379467,""
575,-6946.1470456077,-10457.792421264,40614.7334587809,-0.171025301757974,-0.257487653633808,""
576,24213.9183062554,-7365.78617895181,31165.2466588003,0.776952564224866,-0.236346153765219,""
577,-12889.7916442509,-7530.93442157316,31222.1199896344,-0.412841653562609,-0.241205095108,""
578,-8607.17201073296,3098.51708474359,35811.5925455184,-0.240345971762993,0.0865227392723519,""
579,-11595.1540699583,1304.26073803785,44118.5315630888,-0.262818223072031,0.0295626507009369,""
580,2093.96434929001,6318.16956580946,38004.0511240014,0.0550984510166489,0.166249896496409,""
581,-10851.7247978249,-3863.31308108867,35611.996611165,-0.304721044324222,-0.108483473231531,""
582,-2486.88260928667,-3012.84670037691,39426.3918293204,-0.0630765965105951,-0.0764170029410687,""
583,-15538.2988866592,-11188.8488329539,33931.6921231541,-0.457928795011561,-0.329746267658693,""
584,-14939.8191903526,-4837.60720919521,25462.6794200495,-0.586733978144848,-0.18998814419295,""
585,13301.1608643057,11005.3171716148,39294.0285141801,0.338503364690788,0.28007607231321,""
586,-1004.76048619277,-1898.82617005608,31194.5685112868,-0.0322094689602529,-0.0608704098397465,""
587,-9094.74058662446,-5818.94589912906,30347.6048437366,-0.299685613855009,-0.191743168170651,""
588,-16958.3972914526,5921.99875855495,57632.8348654905,-0.294248883141562,0.102753903610265,""
589,-21780.4257814508,-6620.81212266249,36011.5196799807,-0.604818290785957,-0.183852616648752,""
590,-20503.9632690808,-26036.6982584862,46371.0144652387,-0.44217197974936,-0.561486492343277,""
591,-8205.03382756182,-11291.8764500159,39029.9225227627,-0.210224189473514,-0.289313319631375,""
592,23909.0297738259,10903.9106896829,43890.6751347927,0.54474053316334,0.248433423641716,""
593,3340.87660498984,-10699.2701966559,40971.9319320078,0.081540616891924,-0.261136580389011,""
594,-15798.0261478481,-7583.25706152689,30275.4504623201,-0.521809780089311,-0.2504754494393,""
595,-6059.40530694474,-612.982915284278,45637.0857641484,-0.132773712551666,-0.0134316840135709,""
596,-3550.7321647707,-8661.3863339712,40836.1711513101,-0.0869506632150745,-0.212100843193114,""
597,8352.14569401692,-1087.45814543512,29250.5834352897,0.285537747050214,-0.0371773146966751,""
598,-8123.11203925301,3712.53210559461,25947.406871861,-0.313060649157285,0.143079118615922,""
599,12628.3021776887,4141.60931107219,38052.212362663,0.331867752059526,0.108840171278345,""
600,-13552.2871986767,2572.46622664456,33118.1505353488,-0.409210266262048,0.0776754192206122,""
601,-13425.2087685914,-3170.90266080349,32831.5874998004,-0.40891135004279,-0.0965808510119339,""
602,-12137.8093942782,-2188.3582559316,44391.834382456,-0.273424371016197,-0.0492964142251454,""
603,-18953.0024297455,-1145.52910055319,31569.0103059325,-0.600367330051643,-0.0362865065914949,""
604,-20214.0119984367,-23234.3892892554,50587.6453208757,-0.399583966998661,-0.459289795796592,""
605,-8265.41820828383,-2355.67574808756,40475.2431458518,-0.20420922929356,-0.0582004100531016,""
606,1447.69293380123,-5081.46218993424,34709.2713065556,0.0417091134243374,-0.14640071654211,""
607,-9496.48678314489,-177.773570126713,38147.7822546497,-0.248939419852838,-0.00466012857418585,""
608,-15380.2672834002,-20246.7537174134,45711.6541909486,-0.336462715156909,-0.442923234255271,""
609,-13970.7341247256,-2532.00331521655,32628.3227034202,-0.428178127687241,-0.0776013936797043,""
610,-19821.4760915106,-13461.9989519293,47001.6678600154,-0.421718568595156,-0.286415345770771,""
611,11722.4324522187,12458.3562104495,41193.4256661783,0.284570468773694,0.302435546667302,""
612,-5581.55386265425,6658.33741247255,36427.5092456294,-0.153223593329372,0.182783219340516,""
613,-4043.15411886995,-10848.4680124266,44553.6648855465,-0.0907479582040303,-0.243492158059166,""
614,-16074.8347981028,-16265.4512038863,37985.244971889,-0.423186287465016,-0.428204457176031,""
615,-8130.66485088071,-7467.32125321854,37211.276123054,-0.218500027357121,-0.200673613786446,""
616,-13016.4945869538,-3535.41275270728,39980.1153927724,-0.32557421255735,-0.0884292783543694,""
617,1663.36002316604,-2962.0396086964,32677.9701789783,0.0509015711213325,-0.090643316964708,""
618,-2473.57132747643,-9427.4973416694,24649.9621065107,-0.100347875456697,-0.382454841144739,""
619,-21376.8260403633,-4950.2156620342,45705.2378297222,-0.467710640080334,-0.108307404076455,""
620,-4546.89438491411,-12753.801878565,35365.9746793171,-0.128566918518246,-0.360623508731509,""
621,-2726.89970330601,-2149.85469826545,23423.0697310691,-0.116419399105872,-0.0917836441998809,""
622,-7020.90011491478,-8864.94942147576,37968.9918022339,-0.184911418019314,-0.233478662474103,""
623,2897.8362381973,-903.101192165745,33250.0379065143,0.0871528702116023,-0.0271609071455768,""
624,1629.30838530048,8286.49202192297,44144.6592213496,0.0369083919558836,0.187712220868508,""
625,-3419.23934880045,12918.9918251596,27889.7179083945,-0.122598563385659,0.463217013079617,""
626,-12468.9143149784,-4937.9569500534,32330.431635121,-0.385671136584308,-0.152734024889703,""
627,-14923.6273193586,-7263.5803190127,27295.7141930216,-0.546738847491813,-0.266106989091705,""
628,-17373.317911916,-1298.98253387198,33957.7966142191,-0.511614994025889,-0.0382528509911642,""
629,-13988.0512595273,-4470.43023222466,36450.666574038,-0.383752961859146,-0.122643305387691,""
630,-15544.1890408532,-4713.41962827503,30588.9521516915,-0.508163501769172,-0.154088953583668,""
631,-24350.5102944633,-22593.3673907019,48826.780966416,-0.498712178286175,-0.462724901038265,""
632,-14229.831663565,-14363.0991220308,40706.1181111589,-0.349574764773852,-0.352848657364196,""
633,4907.8951855554,3627.07306105697,27423.189589515,0.178968794623069,0.132262990386929,""
634,1299.90618213941,-3717.17126786229,45975.1723552173,0.0282740904611724,-0.0808517092473817,""
635,-4730.22104711112,8143.27849476213,45909.8154673832,-0.103032891745595,0.177375544028217,""
636,14052.831066883,12347.2475711339,33812.6269638927,0.415608970042153,0.365166764011535,""
637,-15743.6522294894,-6115.37140383887,41599.9334972973,-0.37845378359829,-0.147004355289082,""
638,-12463.9101889361,-21260.1508066559,37268.223700617,-0.334437999757144,-0.570463217604437,""
639,-7796.52146765379,-1810.46841171553,36209.2600868014,-0.215318441994226,-0.0500001493368118,""
640,-9659.08545652142,-8201.14551402688,38592.2972583932,-0.25028531968049,-0.212507316139188,""
641,-12623.7337516892,-6034.52529757432,41773.882161352,-0.302192018039643,-0.1444568947235,""
642,-12739.6838959764,-10477.7734979035,40917.3653875521,-0.3113515197108,-0.256071557849888,""
643,-18558.9434708871,-19589.2280896455,41181.9398951016,-0.450657339556135,-0.475675214415423,""
644,-11512.4516938815,-13980.4268094898,40051.5125203691,-0.287441121930829,-0.349061144754015,""
645,-27601.672047403,7036.89292913486,54230.2745711625,-0.508971644817754,0.129759492917574,""
646,-3774.17246025741,-11420.9171796793,36240.4507303399,-0.104142536425402,-0.315142801745506,""
647,-9105.76768422687,6091.32586509263,35680.6681940531,-0.255201714124416,0.170717819295432,""
648,-10290.5357950465,-12206.1767701677,36742.2018232901,-0.28007400984128,-0.332211358178063,""
649,-7349.4631972333,5884.81525171131,34357.3354376169,-0.213912490698757,0.17128264391738,""
650,-15854.9101507874,-9218.06286754406,37697.6948939805,-0.420580361620971,-0.24452590253777,""
651,-40938.2800800837,-7929.19063522757,25796.331293679,-1.58698070721844,-0.307376678681845,""
652,2980.80400728389,-4433.05324169684,32828.701407865,0.0907987181780441,-0.135035900038214,""
653,-12659.0319898881,-4225.21727077281,43446.5100198893,-0.291370514779967,-0.0972510166832401,""
654,-11232.1468564464,-7404.65556250119,32763.9923992612,-0.34281984684808,-0.225999794904975,""
655,-12858.8125827238,-14837.3300043119,33039.274681715,-0.389197786773456,-0.449081589933432,""
656,371.707042658204,-5629.90428535257,30098.9915399915,0.0123494849375378,-0.187046276214016,""
657,-23382.7405682131,-2742.1195799943,44601.6728663308,-0.524257030409827,-0.0614801957812728,""
658,-1633.17031168565,1439.44917861921,28552.8030078214,-0.0571982481453145,0.0504135856022577,""
659,177.569347426943,1938.12800474166,35887.363850797,0.00494796297006361,0.0540058615840243,""
660,-9831.89441475253,-3742.97400436938,33341.842915976,-0.294881552874256,-0.112260561415335,""
661,-10347.0007153651,-6070.37930907028,33160.2253142198,-0.312030470761853,-0.183062064613511,""
662,-4200.2045477052,-3848.45204460893,34546.2658082303,-0.121582013263631,-0.111399943078423,""
663,-29819.2256074928,-1423.13134053965,46886.1576266889,-0.635992094829261,-0.0303529103807297,""
664,19860.4463079047,-7240.18643821515,36828.3123640213,0.539271148555452,-0.196592946390025,""
665,-9814.66238842855,-1198.37523991088,31505.8796078283,-0.31151843752967,-0.0380365587257916,""
666,-16555.0464893549,-10135.3826068697,46481.8695127109,-0.356161373518503,-0.218050235782752,""
667,-15268.4365379264,-10075.8306904516,36683.9254405166,-0.416215995277942,-0.274666098828209,""
668,-23878.0960639119,-527.718919531919,30844.4811057973,-0.77414484562115,-0.0171090224446257,""
669,2475.46761244161,423.324699848388,39662.8630245169,0.0624127312975727,0.0106730746992903,""
670,-3349.71472969882,7204.05712844277,29700.9959166113,-0.112781225892341,0.242552712665559,""
671,10282.47273768,7090.41178176605,31213.4029156858,0.329424919335298,0.227159204682642,""
672,-15746.1976140164,5128.68850763155,36796.3421025015,-0.427928340544097,0.139380389858993,""
673,-8654.33773403725,5566.94793140307,44459.9727590909,-0.194654589217391,0.125212580798642,""
674,-928.753421672397,-7972.98407371113,34802.2573631115,-0.0266865856424827,-0.229093877173671,""
675,-27671.590878524,-20403.8845217198,49583.9281394326,-0.558075810385778,-0.411501978309243,""
676,-12871.2738370451,632.268642543352,36570.6592706777,-0.351956297582124,0.0172889593776152,""
677,13684.8410485969,4774.06769072899,43301.2113843001,0.316038295722106,0.110252520382373,""
678,-6626.54756060989,-22230.4034955193,29534.391364576,-0.22436716161884,-0.752695500682733,""
679,-7242.70474457733,-2134.06738500793,32633.3657524023,-0.221941702229846,-0.0653952583745006,""
680,7773.70945691053,6638.45062592011,37214.7065850964,0.20888810285619,0.178382452397963,""
681,-22272.5492701093,-26459.2060034837,40343.9943940667,-0.552066041169807,-0.65584001784848,""
682,-10455.5232764192,-17972.3132434657,37685.4289558222,-0.277442066234033,-0.476903507308733,""
683,-2237.96778262869,3315.70560083208,38941.01409457,-0.0574707113993921,0.085146873493837,""
684,-3404.62199997477,-6317.75669838469,29263.9400085296,-0.116341886942853,-0.215888793393618,""
685,-5699.43923569272,-1126.01703358822,22429.0617485758,-0.254109569966948,-0.0502034835968882,""
686,-15178.2461480072,954.868001554261,37282.6230971975,-0.407113150500081,0.0256116099734956,""
687,-6069.60223622393,-1461.86009347796,50039.9572306746,-0.12129511238877,-0.029213855774078,""
688,-34115.6823170261,-17604.8583269085,50356.3539379279,-0.677485156274005,-0.349605500600962,""
689,-14765.1799677094,-6728.37637804146,38675.4056766619,-0.381771818792305,-0.173970415056347,""
690,-25902.263411437,3195.52046256871,45413.6451394026,-0.5703630116439,0.0703647648797993,""
691,83.8285557595509,-9939.08140109183,25418.6651624261,0.00329791337286532,-0.391015080358499,""
692,-6275.95449109105,-2319.63124189392,35962.8997599907,-0.174511914583516,-0.0645006731207628,""
693,-14111.132880894,-19414.2676280929,29656.2105395566,-0.47582387041905,-0.654644247355791,""
694,-10523.5308423178,-665.357048416428,32656.5108793151,-0.322249087822285,-0.0203744071396761,""
695,-20267.1782046837,-10119.0523091223,36533.4592728253,-0.554756615116353,-0.276980404005958,""
696,16193.384173641,11019.9355248432,31428.3510922625,0.515247654135687,0.350636770363566,""
697,13839.4875950938,411.561522365893,30617.056022399,0.452018887281945,0.0134422304373353,""
698,-11036.1880156204,-3697.76358297146,37134.0513384098,-0.297198598532798,-0.0995787814605259,""
699,-16540.5363047802,-6013.86006358245,37050.0267437928,-0.446437904597499,-0.162317293457554,""
700,-11890.8735345095,-2939.11230301336,31829.6888000525,-0.373578064466967,-0.0923387068430438,""
701,-5965.57796800336,-3712.7017957762,31999.6181630252,-0.186426536017122,-0.11602331555525,""
702,-13721.4405783052,-1049.48290070603,36097.7328365955,-0.380119179240935,-0.0290733743710928,""
703,-7453.41564621172,411.400785537294,33249.6744135282,-0.224165071618842,0.0123730771140997,""
704,-8668.51523076162,-16621.8199549165,35933.4716793447,-0.241237899530439,-0.462572058253728,""
705,95.0814707515466,7694.13528758928,39199.3312808437,0.00242558910177154,0.196282309829845,""
706,-10865.1951111603,-1274.45656651348,35028.5002387256,-0.310181567498237,-0.0363834180118427,""
707,-16595.4233688768,-11404.320072263,34618.7285541707,-0.479377032663364,-0.329426311957636,""
708,5883.17070281256,6385.37443840682,26424.7002011084,0.222639070946424,0.241644158299249,""
709,-51.354492920855,2986.35579189716,21995.3752211654,-0.00233478594497621,0.135771986695798,""
710,-2833.48560101464,-5154.86523798992,34144.3924061259,-0.0829853865112643,-0.150972527982811,""
711,-2707.88055613154,698.571434531706,40656.541280033,-0.0666038101342727,0.0171822642196764,""
712,-34117.1573830647,-19416.9962846542,38350.3215416427,-0.889618548465586,-0.506305957919292,""
713,-8284.56118910015,5066.85713879943,36334.4387325993,-0.228008508678771,0.139450541016709,""
714,950.095346067733,8659.26102042417,30535.252314304,0.0311147042863198,0.283582428967446,""
715,-5013.78301270367,-14441.7381548139,33553.5857524802,-0.149426146275083,-0.43040819128389,""
716,4546.46521548595,-1234.27188665783,39742.1620923626,0.114399040618871,-0.0310569888922834,""
717,-5937.901849248,-7400.0491894651,42051.6517204553,-0.141204961192038,-0.175975232522566,""
718,-4960.50299068711,1092.88489725886,42710.7113037722,-0.116141896008391,0.0255880753070561,""
719,-7796.8061968308,-2931.09911176828,38794.477689611,-0.20097721792292,-0.0755545450365276,""
720,-11126.0745345466,-3568.28439055424,36590.6208036862,-0.304069028897857,-0.0975190994899645,""
721,-6210.84011010909,-5789.98441826134,36106.3724227469,-0.172015068071371,-0.160359073198217,""
722,-11684.6820241542,-4180.93262034678,32955.278838171,-0.354561770863254,-0.126866856168249,""
723,6076.27811416703,2088.49944512912,27275.2814426954,0.222776000567881,0.076571141878664,""
724,-16362.0904590784,-14044.5953194251,42254.6156978507,-0.387226109830899,-0.332380145635534,""
725,-4139.90607327582,4159.09950692922,31939.7242687138,-0.129616212038844,0.130217138756054,""
726,-18657.9530393772,-38287.4192636526,44919.062097121,-0.415368268354229,-0.852364619298376,""
727,-12979.4330387447,-914.133091912335,36201.8227397309,-0.358529821331344,-0.0252510239189998,""
728,-16581.0889004398,-5362.43844658872,34580.7875568092,-0.479488469520843,-0.155069876236315,""
729,20614.3665580968,3297.29554564989,25746.6324856543,0.800662633048529,0.128067060711225,""
730,-8513.10640548207,-3179.78336897884,32955.807638822,-0.258318852287924,-0.0964862825947878,""
731,-15427.0793182652,-4036.14629847016,41957.0069430537,-0.367687793821988,-0.0961971930921631,""
732,-12510.0667559035,810.610755366526,34083.0475820994,-0.367046600682324,0.0237834000440812,""
733,9524.77910761447,8527.64198585396,25851.5481496863,0.368441342563464,0.329869682715982,""
734,-12073.4499371517,3834.53389489445,27952.4120338098,-0.4319287338262,0.137180787484686,""
735,6056.14189047872,5519.01002728812,29659.0506971957,0.204192034071115,0.186081816428803,""
736,-16659.7449174182,2428.93095598064,43951.7881786383,-0.379045895691573,0.0552635298047138,""
737,10635.7591827757,-728.976631838047,26254.2539793556,0.405106128368335,-0.0277660386926728,""
738,-15775.4275591909,-4780.33665269144,41342.8330525213,-0.381575871666802,-0.115626731400303,""
739,-10293.0744609369,-5709.82202702394,40303.745517016,-0.255387541006361,-0.141669761799515,""
740,-3939.40114234576,10671.6193705339,37489.1121037623,-0.105081206816589,0.284659165599788,""
741,-13179.6386671018,-13915.102537644,35945.2752468768,-0.366658443330377,-0.38711909818671,""
742,-2763.55541962634,-9147.82053273484,39775.1908990903,-0.0694793753884798,-0.229988098760931,""
743,-37036.5506329639,-22390.6598782861,42505.5897895458,-0.871333648499873,-0.526769772849806,""
744,-33691.8632220695,-3874.40771607075,38763.823859002,-0.869157370661341,-0.0999490589515462,""
745,-3930.52575214638,6845.90470434712,39886.9633030663,-0.0985416142683446,0.17163263726875,""
746,-1958.61612708811,3137.40972615194,38643.5574529514,-0.0506841568474313,0.0811884291442819,""
747,-15248.6703704809,-8928.19999446656,30268.153498778,-0.503785946873057,-0.294970091083587,""
748,-2077.73677020574,7395.65305263438,36149.7647877441,-0.0574758032979002,0.204583711569314,""
749,-31165.2930589548,-17478.3724248412,44913.0575004686,-0.693902726587467,-0.389160155143275,""
750,-8442.69504657415,-10510.0529952436,37309.0887344728,-0.226290572430232,-0.281702216584361,""
751,-8532.97078884202,-14973.7456518339,36183.2560574171,-0.235826504262125,-0.413830795881744,""
752,-2149.59494335412,-3906.30638416784,31386.0796656107,-0.0684888003298291,-0.124459837793884,""
753,-22044.6925718146,-20533.4646455916,39360.6955399206,-0.560068674331639,-0.521674334356364,""
754,-7340.55161063113,-4485.01704087193,39790.8974465569,-0.184478161632072,-0.112714649044942,""
755,-2010.88213868032,955.801947356816,31820.6033296666,-0.0631943435467663,0.0300372038032892,""
756,-20659.0631149878,-18926.1429358146,49743.4665389461,-0.415312091263543,-0.38047494983078,""
757,4136.36856463095,-711.79878985264,29460.5309985341,0.140403734231293,-0.0241610984502641,""
758,4143.9022960351,-6894.98702492078,30284.2606136476,0.136833530423643,-0.227675594028324,""
759,-17535.3753966044,4146.36072564033,30749.3826059433,-0.570267560208351,0.134843706580272,""
760,16158.1401434706,2903.70437394808,44997.1308414301,0.359092676384454,0.0645308782949014,""
761,-1837.01461578,-9141.53585039785,49904.6845283001,-0.0368104644512532,-0.183179914607292,""
762,-14403.5482250512,-8516.70793209993,41683.3809664127,-0.345546543757024,-0.204319029182457,""
763,-8348.95168735204,-4552.50321610809,35441.0038379704,-0.235573228273157,-0.128452998592288,""
764,-8911.01886994166,-9145.08457054231,29006.3639924682,-0.307209096329878,-0.315278556558034,""
765,-7439.80683801919,10202.9193072207,36247.8151653987,-0.205248421293018,0.281476807930763,""
766,-12551.7294552609,-16431.3061303492,33716.5189874202,-0.372272400360903,-0.487336967866696,""
767,-4559.36506427956,3197.43440272657,28471.137347254,-0.160139899178257,0.112304414246906,""
768,-9927.78761384998,-8290.89944572403,43613.6819586117,-0.22763011899044,-0.190098590015672,""
769,4329.77649294889,2368.66809992917,43121.6458347174,0.100408423870106,0.0549299094243324,""
770,-26312.2295708855,-18088.3022190009,61057.2718010647,-0.430943420738079,-0.296251399471888,""
771,-476.210839725834,4058.67551726669,20377.7568553533,-0.0233691491711332,0.199171849290196,""
772,-19001.0136575609,-9172.86306914564,37689.8985039089,-0.504140748895628,-0.243377229264608,""
773,-780.389242725436,-6435.05040103127,29676.3890927176,-0.0262966373802175,-0.216840747738086,""
774,-15954.2663640952,-11509.8813154164,39922.4280238305,-0.39963166455136,-0.288306144820297,""
775,-7383.50838749044,-9874.45461191714,37771.9223418942,-0.19547610843468,-0.261423141839011,""
776,-11427.4411397685,-11567.6677723185,41049.0981422499,-0.278384706532853,-0.281800777503866,""
777,-702.607209346002,-5882.37453259192,31016.2992709667,-0.0226528382128324,-0.189654300185909,""
778,3393.19088498726,-4894.9667178643,34034.3644463246,0.0996989642729671,-0.143824243452059,""
779,-9114.90846131993,6337.28521678735,44854.7548421927,-0.203209414328266,0.141284580399182,""
780,56.0471858324035,-5585.77692224016,26850.7675387596,0.00208735879715536,-0.208030437646782,""
781,-10094.2159996325,-10194.5471619429,35321.9453397472,-0.285777465044476,-0.288617941732421,""
782,-4667.68966173598,-6213.14268994583,28911.0589979479,-0.161449971862576,-0.214905399708355,""
783,-21272.3411819231,-27872.7131022795,43846.1558662187,-0.485158636183026,-0.635693427431206,""
784,12640.4034197381,-2217.22857322628,19916.1046023435,0.634682518098978,-0.111328425788915,""
785,4724.96911682435,-4774.14324951384,26893.6356336546,0.175690976898324,-0.17751944417435,""
786,8389.58860228987,-12864.7307079283,35951.4010341449,0.23335915599845,-0.357836700041537,""
787,-2940.86053286881,-5530.70927155127,25818.3170950692,-0.113905973113579,-0.214216490222266,""
788,14471.4530401737,5485.42216842453,23962.6811736766,0.603916270274082,0.228915208972958,""
789,-19549.303390889,-2855.75886661902,31225.5944539361,-0.62606665246127,-0.0914557085800826,""
790,-8734.3620735852,-11633.6347514269,44233.7626166857,-0.197459170481926,-0.263003508253185,""
791,-20015.4517139124,-1168.85332854164,40972.6209311025,-0.488507966028567,-0.0285276680373249,""
792,-3395.95575249996,-1407.87321596073,24996.5688059447,-0.135856876152231,-0.056322658797311,""
793,-22773.7725178265,-4289.13375414807,44122.7508408758,-0.51614579970224,-0.0972091193864225,""
794,4727.42865297933,9203.61902145475,32712.4840683641,0.144514511435442,0.281348827017251,""
795,-6150.80992570638,-11082.4378559695,38129.8183330594,-0.161312332305908,-0.290650161486891,""
796,-20321.6980088629,-165.784694057305,29631.5443136847,-0.685812990161222,-0.00559487188052973,""
797,-10407.0300846421,-7101.35324942178,37387.4103156283,-0.278356537582703,-0.189939693321132,""
798,-3778.72970683577,-1471.1468059191,34909.349561586,-0.108244059379263,-0.0421419139684557,""
799,-18253.4343437589,-6621.23119454018,41160.9820779989,-0.443464500170797,-0.160861837115381,""
800,-4941.72920815263,-1600.42652294349,29401.5684908789,-0.168077060571978,-0.0544333722685572,""
801,-7191.65677710847,1563.48150326962,35546.5781980165,-0.202316429363369,0.0439840227253397,""
802,-18439.9527644308,-18612.5696273039,47247.8362265824,-0.390281423174596,-0.393934857419612,""
803,-10517.180823384,-8921.65370904358,32094.933306058,-0.32768975473767,-0.277977013504483,""
804,3240.70827144661,83.0677561087563,35058.1037275031,0.0924382076291329,0.00236943095252438,""
805,-11060.5074596528,-5260.09511549646,35920.2522204633,-0.307918424173866,-0.1464381453452,""
806,-17199.5291329487,-17537.5769792895,42432.8798959052,-0.405334947218806,-0.413301595892432,""
807,-11222.4078861372,8431.78674641974,40686.6502120721,-0.275825309472329,0.207237182281425,""
808,-22175.4604844745,11577.8089285168,51921.5739854541,-0.4270953051363,0.222986478255846,""
809,-16984.9318828355,2096.64835079202,29212.9628728814,-0.58141763835269,0.071771164051913,""
810,-1727.43557489927,-7842.80854992756,29517.2347562838,-0.0585229473276293,-0.265702685725259,""
811,-11859.5910307576,-8578.20598031814,28721.4127153193,-0.412918095231157,-0.298669360917012,""
812,-23408.5001436738,2165.8348808464,39101.1446168128,-0.598665342743151,0.0553905749325592,""
813,-11991.6238171245,-14360.6915879887,22454.5140199821,-0.53404067469255,-0.639545864818507,""
814,-10100.9446663645,-6021.85091006016,34833.5525121227,-0.289977448118426,-0.172875014914555,""
815,-19805.6110380447,13785.3086284542,32390.2479212227,-0.611468337204907,0.425600590090632,""
816,11765.0585292044,1859.44126707219,34987.9827156545,0.336259984601526,0.0531451407811582,""
817,-16219.1554394196,-21458.0599986388,43466.5003670323,-0.373141506734257,-0.493668913242297,""
818,-7545.63393701178,3460.91258660465,34630.8272422285,-0.217887776235698,0.0999373350915641,""
819,-15075.8391674765,-19304.183488726,38767.0659263509,-0.388882645803461,-0.497953173072212,""
820,5218.96267120689,-1479.74841933948,33004.3246082977,0.158129661283685,-0.0448349856238976,""
821,-19758.7379252753,-9932.87391953007,38401.6332569357,-0.514528582497378,-0.258657590240283,""
822,-29566.8079905133,-12348.6751185232,52474.9839573561,-0.563445774743654,-0.235324990829124,""
823,-12696.4794659986,-6901.7550133439,30718.7518033276,-0.413313651130294,-0.224675633226617,""
824,-15841.2684076295,-19545.1766474787,44773.3812023158,-0.353809964363605,-0.436535640655786,""
825,-7731.69227226256,719.362712766453,49247.7740300952,-0.156995771373093,0.0146070096960494,""
826,8375.70938453647,4331.54415827822,30091.2949186516,0.278343268615699,0.14394675170969,""
827,-4704.3405748414,-11988.9725810451,43179.0530754835,-0.108949600321654,-0.277657144543827,""
828,-11482.1419772517,-26138.176655812,32958.8378318525,-0.34837824184914,-0.793055167453484,""
829,-4962.31947528949,-10449.8410665538,39419.9284984485,-0.125883522987232,-0.265090310018321,""
830,6446.79868447995,1324.2206562095,24307.6247151933,0.265217139067085,0.0544775835452899,""
831,-12543.0279641889,2987.27897688186,31312.3385829718,-0.400577808359866,0.0954026148179936,""
832,3026.75000403617,3881.01009142204,44810.5937601997,0.067545411699599,0.0866092092461652,""
833,-27398.3109423416,-28249.569328523,52565.8522204637,-0.52121881002579,-0.537412942722643,""
834,893.023345608832,-3732.11999754232,36619.187398491,0.0243867603038518,-0.101917062138198,""
835,-6338.90130727601,-1803.53800188857,40417.1203228857,-0.15683703481682,-0.0446231197938002,""
836,-14259.0506104302,-8983.82307782148,36511.6947304634,-0.390533792410716,-0.246053302760714,""
837,-10973.1597519714,-10872.5277285006,43285.658009885,-0.253505670387765,-0.251180835139843,""
838,-14952.0812358147,-8234.52356690774,38791.646070327,-0.38544590783045,-0.212275693379421,""
839,1456.75325878651,-7873.63244791034,36740.4912670049,0.0396498034879235,-0.214303951209856,""
840,2507.34313960357,2457.61019688283,37353.8053406601,0.0671241689230065,0.0657927666129291,""
841,-20369.3309340718,-18534.1479291796,38835.3797601797,-0.524504486884346,-0.477249045680347,""
842,-4894.30177521763,-3414.60703572456,28691.6385781039,-0.170582860295498,-0.1190105272806,""
843,-9419.8664915774,8433.1202101897,31138.1596603769,-0.302518408098605,0.270829114570981,""
844,-19706.3134221337,-10240.5590272486,51207.1691421369,-0.3848350485346,-0.199982916431557,""
845,-6572.552073302,709.14604139288,34944.5442681804,-0.188085213613354,0.0202934694454897,""
846,-11257.8645333372,3748.96925076338,35358.5494983977,-0.318391582602882,0.106027235391352,""
847,-11191.6631027133,-8177.98833725467,35169.4296830119,-0.318221341761458,-0.232531161607233,""
848,5233.45392293154,3845.12395988671,34333.8633623692,0.152428343635442,0.111992172838349,""
849,-19013.6703007974,-209.541821687177,44148.6503660974,-0.430673874356947,-0.0047462792169087,""
850,-1294.57180060038,-3912.72077851369,25816.8414989465,-0.0501444687047875,-0.15155691212937,""
851,-5955.57745028724,4464.26287617907,31737.1677765372,-0.187653085247579,0.14066355597992,""
852,-7756.49054379986,-345.63501988729,30785.4984585524,-0.2519527352868,-0.011227202325557,""
853,1288.30685603791,1268.64075771379,33730.4641329499,0.0381941633225086,0.0376111266276502,""
854,-13530.305340095,-8983.75069089755,41183.1962865766,-0.32853946658106,-0.218141171665827,""
855,4920.04831155268,-1546.10255564258,39010.8579062877,0.126119972120882,-0.0396326212398775,""
856,-261.368486102528,-8999.67866339381,29647.03462874,-0.00881600771799131,-0.3035608375709,""
857,-23688.2749733313,-16162.1672551428,39965.1602353938,-0.592723132693776,-0.404406416987898,""
858,-9241.58409516206,-1967.31114851074,32389.0655810606,-0.285330370894246,-0.0607399785457572,""
859,-20160.6974998384,-14026.2526722478,41957.4788499434,-0.480503072454402,-0.334296841867244,""
860,-22003.2595756412,-10303.704332401,43542.360354415,-0.505329968254929,-0.236636329508404,""
861,-7166.19476811617,3552.84781937613,30050.9742041609,-0.238467968440236,0.118227375766214,""
862,-1791.3197608161,-1468.48935458251,35690.8363403096,-0.0501899071161009,-0.0411447168281676,""
863,-30139.6866761188,-936.508131013496,52891.2399913069,-0.569842693819856,-0.0177062994017047,""
864,-5247.8745108698,-5275.82846007631,36999.8958493974,-0.141834845487958,-0.142590359755357,""
865,-4264.02111234673,-3907.34184384641,46574.1714920246,-0.0915533433176993,-0.0838950370703967,""
866,8703.63599538297,-3139.20561526782,22690.3348207956,0.383583409593679,-0.138349902725576,""
867,-4416.48484922144,1051.46806159076,30229.8706579998,-0.146096716694112,0.0347824201263167,""
868,5806.19729647601,-5584.13188331664,29138.1777901063,0.199264255242738,-0.191643139922522,""
869,-21443.9631751539,-1157.70972502703,40301.4794214204,-0.532088734284933,-0.02872623391616,""
870,-7633.03779305132,-9284.74755844944,41508.4283940098,-0.183891274335814,-0.223683428105636,""
871,-263.615902842379,-15208.5946364819,30183.3751564902,-0.0087338112943176,-0.503873226822074,""
872,-4642.06852390792,-11413.5129200788,43836.9467725945,-0.105893974504857,-0.260362861932122,""
873,3338.6509665411,-19914.8069013941,31535.1568961226,0.105870758072924,-0.631511267471852,""
874,25065.7883806984,4536.57245903591,33846.4727904376,0.740573132565235,0.134033832332378,""
875,-10095.0691067794,-2114.09322740923,49612.5399742862,-0.203478175316394,-0.0426120740543609,""
876,-10734.6396766827,-531.086127114298,35444.342985588,-0.30285903962298,-0.014983664031528,""
877,-1294.79649108261,-1275.87730418936,34439.3958704869,-0.0375963764275028,-0.0370470291925979,""
878,-19386.7148978352,-6773.85524345292,35527.1991841337,-0.545686554049924,-0.190666739822207,""
879,-16954.200977012,-8115.05507420952,36075.9683472585,-0.469958306144826,-0.224943513534993,""
880,4993.53770443822,815.552483022367,29282.1014103011,0.170532081508383,0.0278515695166422,""
881,-10752.3387000403,9872.67447266625,39606.2178425228,-0.271481077612418,0.249270821867433,""
882,-1167.96828019799,-12396.0137923411,32888.2053911711,-0.0355132870981015,-0.376913657796265,""
883,-19192.277630271,-4382.06817169286,43093.6950031338,-0.445361615634846,-0.101686990901435,""
884,-15337.5199442985,-16069.56626973,41795.7149070902,-0.366963933465262,-0.384478798973816,""
885,6292.26907095117,-6629.11310747803,34636.1437677408,0.181667714314422,-0.191392931959482,""
886,14613.1890449394,6506.49001885415,34119.0031018429,0.428300586664857,0.190699886495297,""
887,-10264.0026592519,-5536.6942319694,29707.9002892129,-0.345497411776986,-0.18637110593709,""
888,-4643.85546441158,7315.53281457022,28925.3062782878,-0.160546457822553,0.252911161741491,""
889,-891.623873933852,-2195.65882708917,28606.5526850797,-0.0311685187568545,-0.0767537022464913,""
890,4413.36617413672,-14329.6703728063,36188.5119433628,0.12195489499662,-0.39597290972431,""
891,-26031.3805484928,-7699.72000195979,41755.2525794423,-0.623427687306317,-0.18440123161297,""
892,-11023.1699789304,-5376.4672139168,37617.6687250574,-0.293031714950156,-0.142923987480795,""
893,-13697.8622366684,4232.79089823971,35665.5660765327,-0.384064063564136,0.118680042513746,""
894,72170.4841091691,13020.2737438288,37880.3732866494,1.9052210378984,0.343720840481203,""
895,-10428.3697673145,-1113.2035672822,34846.4866367232,-0.299266031494965,-0.0319459341450235,""
896,-10277.27029243,7726.5009682568,46575.5747701227,-0.220657938053461,0.165891693369143,""
897,-10908.2188005859,571.459587058676,27390.1475370398,-0.398253378731702,0.0208636914527711,""
898,-3777.47689842496,-6206.57618377864,28273.9853561816,-0.13360256259732,-0.219515434615647,""
899,-32140.2886837506,-22803.1733126199,30721.1929712956,-1.04619272805522,-0.742261973157296,""
900,3032.92678506818,1637.86772228004,35880.5385233746,0.0845284633365346,0.0456478021145933,""
901,-1103.72549451341,-3665.92624163664,32558.6283511588,-0.033899631231674,-0.112594615537794,""
902,-2056.48138254782,-5596.51887866175,26087.6144501372,-0.0788297981970907,-0.214527813164316,""
903,9838.859365509,10830.403684175,40702.3496740104,0.241727061074103,0.266087922955724,""
904,-8937.5201756927,-8321.60961631952,42007.681713588,-0.212759186203835,-0.198097330699108,""
905,3173.06615690908,-303.291523310342,27803.1764920562,0.114126030089248,-0.0109085205928537,""
906,-15576.9322475679,-9020.92296410396,33060.7825220838,-0.471160422085078,-0.27285872492819,""
907,-6256.09656413327,-30878.4263436792,49121.611678714,-0.127359350606247,-0.628611832723311,""
908,-6903.76429593507,-95.8830005999246,25436.8924264745,-0.271407535959451,-0.00376944632199373,""
909,-1395.31228873595,685.367846174502,23013.6296394944,-0.0606298228742419,0.0297809540220601,""
910,-13308.4317828331,-5978.99915521718,44200.6387266079,-0.301091390673088,-0.135269519343347,""
911,-10736.462950282,201.841268236606,39144.6800307925,-0.274276426370998,0.00515628862154016,""
912,-6254.87448962492,-1664.87493446039,31968.7978572082,-0.195655605117307,-0.0520781213574788,""
913,-7593.42214441117,8387.1881318503,41692.3197180934,-0.182129998900393,0.201168661004259,""
914,-11356.643143047,-7198.3182818291,35360.5379328884,-0.321167148661625,-0.203569252693241,""
915,-33021.1110173212,-4931.01311315159,40099.3863063547,-0.823481705307001,-0.122969789998261,""
916,-9239.56635219677,-8816.76075424671,33540.0743690406,-0.27547840981311,-0.262872427092323,""
917,-16551.4101178748,-19152.470089249,48692.5054438579,-0.339916994761308,-0.393335071068209,""
918,-8268.01861762137,-25173.210876781,46058.6092513099,-0.17951081789093,-0.546547350994213,""
919,-12302.0315025638,-6171.43490650425,32694.129874678,-0.376276461545834,-0.188762781886546,""
920,-836.826679776246,1310.65571965692,46803.8070981997,-0.0178794574984144,0.0280031860849913,""
921,-5673.52400752898,-2633.41839159893,51349.2969158656,-0.110488835257567,-0.0512844099095206,""
922,987.141160305337,3.98064219773263,31246.250500934,0.0315923077002736,0.000127395835785597,""
923,-12295.7952812281,-5426.73414643997,45960.3874733283,-0.267530278946486,-0.118074160049003,""
924,-9956.61945049261,-11559.3734750929,22622.1696254082,-0.440126637513573,-0.51097545754895,""
925,5500.66844035658,-1159.61906959696,33522.5800157462,0.164088457325564,-0.0345921784377058,""
926,-18434.6561091403,-9005.1625691312,44354.0840252355,-0.415624773102107,-0.203028937854013,""
927,-20478.3881970089,-27551.9435129501,42770.9776981931,-0.478791678355159,-0.644173806532229,""
928,-6253.49671998345,-3704.35984841517,34343.8047200387,-0.18208514667959,-0.107861079417732,""
929,-8085.9354159399,-851.193067924539,40337.1781990119,-0.200458628415856,-0.0211019487710568,""
930,-18392.8126785265,-14609.0720325998,46284.3283199204,-0.397387481814453,-0.315637550827591,""
931,-20023.489229596,958.366380646297,36977.5773284612,-0.54150354556041,0.0259175005472479,""
932,-10599.8973516935,3082.10367653407,32015.1237711934,-0.331090313048581,0.0962702408574565,""
933,-14057.2005403417,-6464.60460279994,29166.0454467099,-0.481971426878079,-0.221648307262347,""
934,-916.580371904382,-9232.23919185145,38929.8646251939,-0.0235444017267711,-0.237150559878308,""
935,-3832.71643938064,-8895.50535934213,44058.7866746982,-0.0869909665846896,-0.201900824573787,""
936,-19437.7398563623,6651.52450198933,36146.1798227479,-0.537753642340083,0.18401735770161,""
937,-7481.14323944441,-3502.6338959958,42210.4994739021,-0.177234179473992,-0.0829801575354827,""
938,1725.47482481141,-1503.94694561672,30396.7753905652,0.0567650615119844,-0.0494771871783322,""
939,-3004.65010760639,-1223.12135754389,33208.5298318728,-0.0904782633503576,-0.0368315418880713,""
940,-20560.8687476855,-11173.1651392378,37589.774601161,-0.546980368087934,-0.297239482220589,""
941,-24906.9651723172,232.96125548625,35831.4174784826,-0.695115262667861,0.00650159195142495,""
942,-2738.97060876084,-4841.07148138142,33200.2251516197,-0.0824985552432983,-0.145814417199675,""
943,7971.50706526755,823.878137357805,33770.9826345027,0.236046050289438,0.0243960368661608,""
944,-13481.7612376034,2318.95924439136,42544.3632271094,-0.316887131807223,0.0545068504613019,""
945,-7906.93668176772,-7769.93718872617,45680.2948700364,-0.173092943122708,-0.170093849237011,""
946,-5046.90792296019,-11513.2695801434,33685.2892159114,-0.149825281018405,-0.34178924533933,""
947,-31330.140120879,-10705.9895674471,40719.0339849774,-0.769422480219884,-0.26292346648982,""
948,-2661.81135907568,-8431.98680540749,35385.2576264469,-0.0752237382916848,-0.238290954227939,""
949,-8026.51482398873,-10027.8599525869,44894.3663613716,-0.178786682484397,-0.223365664009351,""
950,4639.57834219783,-2755.42534232047,31881.1148127704,0.145527481377138,-0.086428136484636,""
951,15697.720316376,8267.77658234988,41297.6776811575,0.380111454149352,0.200199552289163,""
952,-18669.9296066582,-23540.4286528615,41516.5914881102,-0.449698034868905,-0.567012555922447,""
953,20095.5142576909,4774.186538338,36890.9793452553,0.544727047488248,0.129413385685897,""
954,11947.9794219102,7033.78373762792,32633.6065340165,0.366125007037021,0.215538044509303,""
955,-1045.24341334796,5939.95048775566,33863.9774526114,-0.030865937552984,0.175406167100953,""
956,-20172.6825516674,-14882.2740944561,36676.4198308315,-0.55001776740241,-0.405772269024619,""
957,-3031.94954607224,1611.197486546,48929.1876638152,-0.061966071599314,0.0329291689372873,""
958,-5270.67419880727,1564.99323577371,37440.8040448929,-0.140773531265182,0.0417991353470195,""
959,-11047.4593636802,-14265.4718154067,30733.7039038344,-0.359457467223855,-0.464163768221471,""
960,-6910.40574840185,-17062.580634142,41157.5065745711,-0.167901467400151,-0.414567889413495,""
961,20034.8248467072,16759.4541367521,33734.2507807645,0.593901580234035,0.496808251224257,""
962,-2751.16205957614,-2304.23797538849,36129.0896080424,-0.0761481147026666,-0.063777914151359,""
963,-11120.1135266372,-6251.67068173525,38756.9521676951,-0.286919195258757,-0.161304497182474,""
964,-15236.8600790756,-2971.89234870789,52495.2478711108,-0.29025217894934,-0.0566125976965504,""
965,-161.49380484805,-7967.82852621482,44738.9783668365,-0.00360968915123373,-0.178095897963578,""
966,-14616.0543068536,-1623.94751226154,40975.3447653347,-0.356703632161231,-0.0396323086861592,""
967,1410.9768803718,-19934.0192463244,41031.1272654207,0.0343879628566994,-0.485826750929262,""
968,-12797.0052200347,-7511.92390479525,37547.6669831499,-0.340820249252172,-0.200063665957364,""
969,-30962.9456585373,1137.80815110665,49128.17516985,-0.630248234368357,0.0231599921465213,""
970,-4731.00244615396,6581.39637475226,37225.7238548531,-0.127089602464162,0.176797001998237,""
971,4503.15537782116,4015.943607898,36880.9169167518,0.122099875878513,0.108889473029178,""
972,-3307.79804988075,-15785.0510676436,42798.6321922734,-0.0772874711280591,-0.368821391224118,""
973,-8663.28158052724,2586.97404619737,32525.1136118569,-0.266356689292826,0.0795377405001377,""
974,-11028.3930785981,-4989.60823501062,33700.8164020713,-0.327244092458254,-0.148056004800642,""
975,7538.94395703169,4156.49214147279,21258.5799439013,0.354630646869453,0.195520686350699,""
976,-5865.28869776323,-5401.43127783706,28848.4505169255,-0.203313820765592,-0.187234710393476,""
977,-7829.18302082753,-6266.71896062294,48062.0899604295,-0.162897265334767,-0.130387982831842,""
978,-6476.97050020434,9202.52013551926,40829.9697129477,-0.158632752993456,0.225386406118274,""
979,-7042.20904680617,-190.343936901439,42426.8253282825,-0.16598482192142,-0.00448640536803379,""
980,-15942.145885189,-11194.335563917,39162.1287624956,-0.407080676892528,-0.285845941414641,""
981,-16470.6086798388,10308.1912635734,37608.5357107119,-0.437948682887632,0.274091800405761,""
982,-6627.90687629156,5360.27797899909,35974.7797490425,-0.184237594295987,0.149000995041304,""
983,-12975.5743614089,-3285.07247021378,37026.2094745287,-0.350442957719858,-0.0887228943182441,""
984,-8138.76249633688,-14475.4055057925,37548.9063362068,-0.216750986658938,-0.385508045858434,""
985,-7129.70672761567,-11073.3972520593,42665.920719138,-0.167105422956866,-0.259537285623191,""
986,-26667.1700344054,5365.48898835452,36593.6750881388,-0.728737137501915,0.14662339804437,""
987,23774.0532619551,5448.83630972232,36705.2013153012,0.647702571026207,0.148448615304308,""
988,-6243.39709926951,-4282.43004999593,36465.789880007,-0.171212446509833,-0.117436920030734,""
989,-11986.1725794769,-8072.3876032087,37311.2075140589,-0.321248583953241,-0.216352890754528,""
990,-16919.1892429431,-3720.54332368708,43542.5143069856,-0.388567116810449,-0.0854462215354935,""
991,-24810.3410413342,-23438.5157755246,44115.4186659165,-0.562396137033664,-0.531299860328271,""
992,8766.49056323157,6918.86420281805,30988.4144016501,0.282895744506527,0.223272611277898,""
993,-2608.21013072403,-786.198771408885,45046.7636595638,-0.0579000558272133,-0.0174529468387674,""
994,-17579.8731397902,-1112.37038644361,35342.963391271,-0.497408011466636,-0.0314736026554678,""
995,-6056.83920504305,1662.8805170993,41057.9233755519,-0.147519375240727,0.040500843208487,""
996,-378.504355763673,-7516.51763263683,34442.4177065943,-0.0109894827647713,-0.218234320734045,""
997,9401.39928987158,-11994.6328733611,46243.2218938469,0.203303292998331,-0.25938142677202,""
998,-2099.27540903985,-3212.60780524295,35900.1594947285,-0.0584753783433219,-0.0894872850276524,""
999,-20023.4089055118,-7237.57452559308,31721.0301206949,-0.631234510018275,-0.228163287826875,""
