"table","variable","statistic","published","reproduced","source_line","error"
1,"numhh","mean_high",246.7,246.6875,"Number of households                               246.7 (173.2)          278.3 (163.2)          31.6 (35.6)",-0.0124999999999886
1,"numhh","sd_high",173.2,173.219840179798,"Number of households                               246.7 (173.2)          278.3 (163.2)          31.6 (35.6)",0.0198401797980239
1,"numhh","mean_low",278.3,278.309523809524,"Number of households                               246.7 (173.2)          278.3 (163.2)          31.6 (35.6)",0.009523809524012
1,"numhh","sd_low",163.2,163.218017910093,"Number of households                               246.7 (173.2)          278.3 (163.2)          31.6 (35.6)",0.0180179100930218
1,"numhh","difference",31.6,31.6220238095238,"Number of households                               246.7 (173.2)          278.3 (163.2)          31.6 (35.6)",0.0220238095237981
1,"numhh","pooled_se",35.6,35.6303773047137,"Number of households                               246.7 (173.2)          278.3 (163.2)          31.6 (35.6)",0.0303773047137028
1,"area","mean_high",275.7,275.732727397572,"Area (hectares)                                    275.7 (501.5)          274.7 (260.3)         −1.1 (88.5)",0.0327273975719891
1,"area","sd_high",501.5,501.49270133356,"Area (hectares)                                    275.7 (501.5)          274.7 (260.3)         −1.1 (88.5)",-0.00729866644002186
1,"area","mean_low",274.7,274.657500553131,"Area (hectares)                                    275.7 (501.5)          274.7 (260.3)         −1.1 (88.5)",-0.0424994468689874
1,"area","sd_low",260.3,260.334522751934,"Area (hectares)                                    275.7 (501.5)          274.7 (260.3)         −1.1 (88.5)",0.0345227519339915
1,"area","difference",-1.1,-1.07522684444075,"Area (hectares)                                    275.7 (501.5)          274.7 (260.3)         −1.1 (88.5)",0.0247731555592501
1,"area","pooled_se",88.5,88.5030220352905,"Area (hectares)                                    275.7 (501.5)          274.7 (260.3)         −1.1 (88.5)",0.00302203529049905
1,"hhlless","mean_high",0.22,0.218333333333333,"Landless households                                   0.22 (0.18)           0.22 (0.20)           0.0 (0.04)",-0.00166666666666701
1,"hhlless","sd_high",0.18,0.183909475110613,"Landless households                                   0.22 (0.18)           0.22 (0.20)           0.0 (0.04)",0.00390947511061299
1,"hhlless","mean_low",0.22,0.218571428571429,"Landless households                                   0.22 (0.18)           0.22 (0.20)           0.0 (0.04)",-0.001428571428571
1,"hhlless","sd_low",0.2,0.204612321453505,"Landless households                                   0.22 (0.18)           0.22 (0.20)           0.0 (0.04)",0.00461232145350499
1,"hhlless","difference",0,0.00023809523809522,"Landless households                                   0.22 (0.18)           0.22 (0.20)           0.0 (0.04)",0.00023809523809522
1,"hhlless","pooled_se",0.04,0.040954154515859,"Landless households                                   0.22 (0.18)           0.22 (0.20)           0.0 (0.04)",0.000954154515858958
1,"hhelec","mean_high",0.38,0.383846153846154,"Electrified households                                0.38 (0.29)           0.35 (0.28)         −0.03 (0.1)",0.003846153846154
1,"hhelec","sd_high",0.29,0.294945105713954,"Electrified households                                0.38 (0.29)           0.35 (0.28)         −0.03 (0.1)",0.00494510571395401
1,"hhelec","mean_low",0.35,0.348695652173913,"Electrified households                                0.38 (0.29)           0.35 (0.28)         −0.03 (0.1)",-0.00130434782608702
1,"hhelec","sd_low",0.28,0.27729708957962,"Electrified households                                0.38 (0.29)           0.35 (0.28)         −0.03 (0.1)",-0.00270291042038001
1,"hhelec","difference",-0.03,-0.0351505016722408,"Electrified households                                0.38 (0.29)           0.35 (0.28)         −0.03 (0.1)",-0.0051505016722408
1,"hhelec","pooled_se",0.1,0.0821024643144856,"Electrified households                                0.38 (0.29)           0.35 (0.28)         −0.03 (0.1)",-0.0178975356855144
1,"handpump","mean_high",0.44,0.4375,"Main drinking source—hand pump                        0.44 (0.50)           0.36 (0.48)         −0.1 (0.1)",-0.0025
1,"handpump","sd_high",0.5,0.501328023587394,"Main drinking source—hand pump                        0.44 (0.50)           0.36 (0.48)         −0.1 (0.1)",0.00132802358739403
1,"handpump","mean_low",0.36,0.357142857142857,"Main drinking source—hand pump                        0.44 (0.50)           0.36 (0.48)         −0.1 (0.1)",-0.002857142857143
1,"handpump","sd_low",0.48,0.484965604585173,"Main drinking source—hand pump                        0.44 (0.50)           0.36 (0.48)         −0.1 (0.1)",0.00496560458517303
1,"handpump","difference",-0.1,-0.0803571428571429,"Main drinking source—hand pump                        0.44 (0.50)           0.36 (0.48)         −0.1 (0.1)",0.0196428571428571
1,"handpump","pooled_se",0.1,0.104328395631162,"Main drinking source—hand pump                        0.44 (0.50)           0.36 (0.48)         −0.1 (0.1)",0.0043283956311615
1,"well","mean_high",0.54,0.541666666666667,"Main drinking source—well                             0.54 (0.50)           0.64 (0.48)           0.1 (0.1)",0.00166666666666693
1,"well","sd_high",0.5,0.503533612870859,"Main drinking source—well                             0.54 (0.50)           0.64 (0.48)           0.1 (0.1)",0.00353361287085896
1,"well","mean_low",0.64,0.642857142857143,"Main drinking source—well                             0.54 (0.50)           0.64 (0.48)           0.1 (0.1)",0.002857142857143
1,"well","sd_low",0.48,0.484965604585173,"Main drinking source—well                             0.54 (0.50)           0.64 (0.48)           0.1 (0.1)",0.00496560458517303
1,"well","difference",0.1,0.101190476190476,"Main drinking source—well                             0.54 (0.50)           0.64 (0.48)           0.1 (0.1)",0.00119047619047599
1,"well","pooled_se",0.1,0.104581348366225,"Main drinking source—well                             0.54 (0.50)           0.64 (0.48)           0.1 (0.1)",0.00458134836622467
1,"pavedroad","mean_high",0.6,0.604166666666667,"Paved road                                            0.60 (0.49)           0.45 (0.50)         −0.15 (0.1)",0.00416666666666698
1,"pavedroad","sd_high",0.49,0.49420399497827,"Paved road                                            0.60 (0.49)           0.45 (0.50)         −0.15 (0.1)",0.00420399497827001
1,"pavedroad","mean_low",0.45,0.452380952380952,"Paved road                                            0.60 (0.49)           0.45 (0.50)         −0.15 (0.1)",0.00238095238095198
1,"pavedroad","sd_low",0.5,0.503760538950749,"Paved road                                            0.60 (0.49)           0.45 (0.50)         −0.15 (0.1)",0.00376053895074902
1,"pavedroad","difference",-0.15,-0.151785714285714,"Paved road                                            0.60 (0.49)           0.45 (0.50)         −0.15 (0.1)",-0.001785714285714
1,"pavedroad","pooled_se",0.1,0.105365225036686,"Paved road                                            0.60 (0.49)           0.45 (0.50)         −0.15 (0.1)",0.00536522503668591
1,"naturalwater","mean_high",0.35,0.354166666666667,"Access to natural water sources                       0.35 (0.48)           0.45 (0.50)           0.09 (0.10)",0.00416666666666704
1,"naturalwater","sd_high",0.48,0.483321105250062,"Access to natural water sources                       0.35 (0.48)           0.45 (0.50)           0.09 (0.10)",0.00332110525006202
1,"naturalwater","mean_low",0.45,0.452380952380952,"Access to natural water sources                       0.35 (0.48)           0.45 (0.50)           0.09 (0.10)",0.00238095238095198
1,"naturalwater","sd_low",0.5,0.503760538950749,"Access to natural water sources                       0.35 (0.48)           0.45 (0.50)           0.09 (0.10)",0.00376053895074902
1,"naturalwater","difference",0.09,0.0982142857142858,"Access to natural water sources                       0.35 (0.48)           0.45 (0.50)           0.09 (0.10)",0.0082142857142858
1,"naturalwater","pooled_se",0.1,0.104154587271176,"Access to natural water sources                       0.35 (0.48)           0.45 (0.50)           0.09 (0.10)",0.00415458727117564
1,"bus3","mean_high",3.6,3.62916666666667,"Bus stop (km)                                        3.6 (3.9)              3.9 (2.9)             0.2 (0.7)",0.0291666666666699
1,"bus3","sd_high",3.9,3.88077412398846,"Bus stop (km)                                        3.6 (3.9)              3.9 (2.9)             0.2 (0.7)",-0.0192258760115398
1,"bus3","mean_low",3.9,3.8625,"Bus stop (km)                                        3.6 (3.9)              3.9 (2.9)             0.2 (0.7)",-0.0375000000000001
1,"bus3","sd_low",2.9,2.91544846354549,"Bus stop (km)                                        3.6 (3.9)              3.9 (2.9)             0.2 (0.7)",0.0154484635454901
1,"bus3","difference",0.2,0.233333333333333,"Bus stop (km)                                        3.6 (3.9)              3.9 (2.9)             0.2 (0.7)",0.033333333333333
1,"bus3","pooled_se",0.7,0.744249989367232,"Bus stop (km)                                        3.6 (3.9)              3.9 (2.9)             0.2 (0.7)",0.0442499893672322
1,"tele3","mean_high",5.4,5.4063829787234,"Telephone service (km)                               5.4 (6.2)              8.1 (8.6)             2.7 (1.6)",0.00638297872339955
1,"tele3","sd_high",6.2,6.21545773806057,"Telephone service (km)                               5.4 (6.2)              8.1 (8.6)             2.7 (1.6)",0.0154577380605696
1,"tele3","mean_low",8.1,8.075,"Telephone service (km)                               5.4 (6.2)              8.1 (8.6)             2.7 (1.6)",-0.0250000000000004
1,"tele3","sd_low",8.6,8.58632633901135,"Telephone service (km)                               5.4 (6.2)              8.1 (8.6)             2.7 (1.6)",-0.0136736609886494
1,"tele3","difference",2.7,2.6686170212766,"Telephone service (km)                               5.4 (6.2)              8.1 (8.6)             2.7 (1.6)",-0.0313829787234003
1,"tele3","pooled_se",1.6,1.59150169638257,"Telephone service (km)                               5.4 (6.2)              8.1 (8.6)             2.7 (1.6)",-0.0084983036174342
1,"ps3","mean_high",7.7,7.70833333333333,"Police station (km)                                  7.7 (4.6)              8.3 (5.3)             0.6 (1.0)",0.0083333333333302
1,"ps3","sd_high",4.6,4.62628168938118,"Police station (km)                                  7.7 (4.6)              8.3 (5.3)             0.6 (1.0)",0.0262816893811806
1,"ps3","mean_low",8.3,8.32926829268293,"Police station (km)                                  7.7 (4.6)              8.3 (5.3)             0.6 (1.0)",0.0292682926829286
1,"ps3","sd_low",5.3,5.32636104213933,"Police station (km)                                  7.7 (4.6)              8.3 (5.3)             0.6 (1.0)",0.0263610421393299
1,"ps3","difference",0.6,0.620934959349594,"Police station (km)                                  7.7 (4.6)              8.3 (5.3)             0.6 (1.0)",0.020934959349594
1,"ps3","pooled_se",1,1.05487966365903,"Police station (km)                                  7.7 (4.6)              8.3 (5.3)             0.6 (1.0)",0.054879663659031
1,"bank3","mean_high",5.1,5.09375,"Bank (km)                                            5.1 (4.5)              5.4 (5.0)             0.3 (1.0)",-0.00624999999999964
1,"bank3","sd_high",4.5,4.55306332465274,"Bank (km)                                            5.1 (4.5)              5.4 (5.0)             0.3 (1.0)",0.0530633246527401
1,"bank3","mean_low",5.4,5.38292682926829,"Bank (km)                                            5.1 (4.5)              5.4 (5.0)             0.3 (1.0)",-0.0170731707317104
1,"bank3","sd_low",5,5.05588283285048,"Bank (km)                                            5.1 (4.5)              5.4 (5.0)             0.3 (1.0)",0.0558828328504797
1,"bank3","difference",0.3,0.289176829268293,"Bank (km)                                            5.1 (4.5)              5.4 (5.0)             0.3 (1.0)",-0.010823170731707
1,"bank3","pooled_se",1,1.01880433766564,"Bank (km)                                            5.1 (4.5)              5.4 (5.0)             0.3 (1.0)",0.0188043376656364
1,"pds3","mean_high",1.3,1.27608695652174,"PDS shop (km)                                        1.3 (1.4)              1.8 (2.7)             0.5 (0.5)",-0.02391304347826
1,"pds3","sd_high",1.4,1.38149432501488,"PDS shop (km)                                        1.3 (1.4)              1.8 (2.7)             0.5 (0.5)",-0.01850567498512
1,"pds3","mean_low",1.8,1.78947368421053,"PDS shop (km)                                        1.3 (1.4)              1.8 (2.7)             0.5 (0.5)",-0.0105263157894699
1,"pds3","sd_low",2.7,2.72781364522442,"PDS shop (km)                                        1.3 (1.4)              1.8 (2.7)             0.5 (0.5)",0.0278136452244198
1,"pds3","difference",0.5,0.513386727688787,"PDS shop (km)                                        1.3 (1.4)              1.8 (2.7)             0.5 (0.5)",0.013386727688787
1,"pds3","pooled_se",0.5,0.460082340571913,"PDS shop (km)                                        1.3 (1.4)              1.8 (2.7)             0.5 (0.5)",-0.0399176594280868
1,"pps3","mean_high",0.5,0.511111111111111,"Primary school (km)                                  0.5 (0.7)              0.7 (1.0)             0.2 (0.2)",0.011111111111111
1,"pps3","sd_high",0.7,0.692893216954106,"Primary school (km)                                  0.5 (0.7)              0.7 (1.0)             0.2 (0.2)",-0.00710678304589396
1,"pps3","mean_low",0.7,0.719444444444444,"Primary school (km)                                  0.5 (0.7)              0.7 (1.0)             0.2 (0.2)",0.019444444444444
1,"pps3","sd_low",1,1.02506290941287,"Primary school (km)                                  0.5 (0.7)              0.7 (1.0)             0.2 (0.2)",0.02506290941287
1,"pps3","difference",0.2,0.208333333333333,"Primary school (km)                                  0.5 (0.7)              0.7 (1.0)             0.2 (0.2)",0.008333333333333
1,"pps3","pooled_se",0.2,0.191431703347207,"Primary school (km)                                  0.5 (0.7)              0.7 (1.0)             0.2 (0.2)",-0.00856829665279291
1,"ms3","mean_high",2.8,2.80217391304348,"Middle school (km)                                   2.8 (2.3)              2.9 (2.5)             0.1 (0.5)",0.00217391304348036
1,"ms3","sd_high",2.3,2.2910928135266,"Middle school (km)                                   2.8 (2.3)              2.9 (2.5)             0.1 (0.5)",-0.00890718647339961
1,"ms3","mean_low",2.9,2.91621621621622,"Middle school (km)                                   2.8 (2.3)              2.9 (2.5)             0.1 (0.5)",0.01621621621622
1,"ms3","sd_low",2.5,2.49026030695516,"Middle school (km)                                   2.8 (2.3)              2.9 (2.5)             0.1 (0.5)",-0.0097396930448399
1,"ms3","difference",0.1,0.114042303172738,"Middle school (km)                                   2.8 (2.3)              2.9 (2.5)             0.1 (0.5)",0.014042303172738
1,"ms3","pooled_se",0.5,0.525945372064803,"Middle school (km)                                   2.8 (2.3)              2.9 (2.5)             0.1 (0.5)",0.0259453720648026
1,"ss3","mean_high",5.1,5.06595744680851,"Secondary school (km)                                5.1 (4.1)              5.6 (4.6)             0.5 (0.9)",-0.0340425531914894
1,"ss3","sd_high",4.1,4.13575483861246,"Secondary school (km)                                5.1 (4.1)              5.6 (4.6)             0.5 (0.9)",0.0357548386124602
1,"ss3","mean_low",5.6,5.58974358974359,"Secondary school (km)                                5.1 (4.1)              5.6 (4.6)             0.5 (0.9)",-0.0102564102564093
1,"ss3","sd_low",4.6,4.56801205592213,"Secondary school (km)                                5.1 (4.1)              5.6 (4.6)             0.5 (0.9)",-0.0319879440778692
1,"ss3","difference",0.5,0.523786142935079,"Secondary school (km)                                5.1 (4.1)              5.6 (4.6)             0.5 (0.9)",0.023786142935079
1,"ss3","pooled_se",0.9,0.939336837181241,"Secondary school (km)                                5.1 (4.1)              5.6 (4.6)             0.5 (0.9)",0.0393368371812413
1,"hosp3","mean_high",20.7,20.7291666666667,"Hospital (km)                                       20.7 (15.7)            21.0 (16.5)            0.3 (3.4)",0.0291666666667005
1,"hosp3","sd_high",15.7,15.7192652951224,"Hospital (km)                                       20.7 (15.7)            21.0 (16.5)            0.3 (3.4)",0.0192652951224002
1,"hosp3","mean_low",21,21.0375,"Hospital (km)                                       20.7 (15.7)            21.0 (16.5)            0.3 (3.4)",0.0375000000000014
1,"hosp3","sd_low",16.5,16.547672971425,"Hospital (km)                                       20.7 (15.7)            21.0 (16.5)            0.3 (3.4)",0.0476729714250013
1,"hosp3","difference",0.3,0.308333333333337,"Hospital (km)                                       20.7 (15.7)            21.0 (16.5)            0.3 (3.4)",0.00833333333333702
1,"hosp3","pooled_se",3.4,3.4468514596161,"Hospital (km)                                       20.7 (15.7)            21.0 (16.5)            0.3 (3.4)",0.0468514596160983
1,"phc3","mean_high",5,5.01489361702128,"PHC (km)                                             5.0 (5.4)              5.9 (4.9)             0.9 (1.1)",0.0148936170212801
1,"phc3","sd_high",5.4,5.36226666557944,"PHC (km)                                             5.0 (5.4)              5.9 (4.9)             0.9 (1.1)",-0.0377333344205599
1,"phc3","mean_low",5.9,5.88292682926829,"PHC (km)                                             5.0 (5.4)              5.9 (4.9)             0.9 (1.1)",-0.0170731707317104
1,"phc3","sd_low",4.9,4.9554970708812,"PHC (km)                                             5.0 (5.4)              5.9 (4.9)             0.9 (1.1)",0.0554970708811995
1,"phc3","difference",0.9,0.868033212247016,"PHC (km)                                             5.0 (5.4)              5.9 (4.9)             0.9 (1.1)",-0.031966787752984
1,"phc3","pooled_se",1.1,1.10632499837378,"PHC (km)                                             5.0 (5.4)              5.9 (4.9)             0.9 (1.1)",0.00632499837377609
1,"illand","mean_high",119213,119213.541666667,"Price of irrigated land (per acre)               119,213 (82,923)      123,367 (142,281)      4,153 (24,187)",0.541666667006211
1,"illand","sd_high",82923,82923.4617235134,"Price of irrigated land (per acre)               119,213 (82,923)      123,367 (142,281)      4,153 (24,187)",0.461723513406469
1,"illand","mean_low",123367,123366.666666667,"Price of irrigated land (per acre)               119,213 (82,923)      123,367 (142,281)      4,153 (24,187)",-0.333333332993789
1,"illand","sd_low",142281,142281.506719853,"Price of irrigated land (per acre)               119,213 (82,923)      123,367 (142,281)      4,153 (24,187)",0.506719853001414
1,"illand","difference",4153,4153.12500000001,"Price of irrigated land (per acre)               119,213 (82,923)      123,367 (142,281)      4,153 (24,187)",0.125000000010004
1,"illand","pooled_se",24187,24187.1847297237,"Price of irrigated land (per acre)               119,213 (82,923)      123,367 (142,281)      4,153 (24,187)",0.184729723747296
1,"niland","mean_high",55950,55950,"Price of non-irrigated land (per acre)           55,950 (34,526)        48,964 (36,615)       −6,986 (7,504)",0
1,"niland","sd_high",34526,34525.8891453442,"Price of non-irrigated land (per acre)           55,950 (34,526)        48,964 (36,615)       −6,986 (7,504)",-0.110854655802541
1,"niland","mean_low",48964,48964.2857142857,"Price of non-irrigated land (per acre)           55,950 (34,526)        48,964 (36,615)       −6,986 (7,504)",0.285714285702852
1,"niland","sd_low",36615,36615.0696780183,"Price of non-irrigated land (per acre)           55,950 (34,526)        48,964 (36,615)       −6,986 (7,504)",0.0696780182988732
1,"niland","difference",-6986,-6985.71428571428,"Price of non-irrigated land (per acre)           55,950 (34,526)        48,964 (36,615)       −6,986 (7,504)",0.285714285720132
1,"niland","pooled_se",7504,7503.81857702443,"Price of non-irrigated land (per acre)           55,950 (34,526)        48,964 (36,615)       −6,986 (7,504)",-0.18142297556733
1,"mpaddy","mean_high",0.62,0.625,"Main crop is paddy                                   0.62 (0.49)            0.62 (0.49)         −0.01 (0.1)",0.005
1,"mpaddy","sd_high",0.49,0.489246054790082,"Main crop is paddy                                   0.62 (0.49)            0.62 (0.49)         −0.01 (0.1)",-0.000753945209918006
1,"mpaddy","mean_low",0.62,0.619047619047619,"Main crop is paddy                                   0.62 (0.49)            0.62 (0.49)         −0.01 (0.1)",-0.000952380952381038
1,"mpaddy","sd_low",0.49,0.49150743499232,"Main crop is paddy                                   0.62 (0.49)            0.62 (0.49)         −0.01 (0.1)",0.00150743499232003
1,"mpaddy","difference",-0.01,-0.00595238095238093,"Main crop is paddy                                   0.62 (0.49)            0.62 (0.49)         −0.01 (0.1)",0.00404761904761907
1,"mpaddy","pooled_se",0.1,0.103594983513454,"Main crop is paddy                                   0.62 (0.49)            0.62 (0.49)         −0.01 (0.1)",0.00359498351345376
1,"mwheat","mean_high",0.21,0.208333333333333,"Main crop is wheat                                   0.21 (0.41)            0.21 (0.41)           0.01 (0.09)",-0.00166666666666698
1,"mwheat","sd_high",0.41,0.410414079086058,"Main crop is wheat                                   0.21 (0.41)            0.21 (0.41)           0.01 (0.09)",0.000414079086058006
1,"mwheat","mean_low",0.21,0.214285714285714,"Main crop is wheat                                   0.21 (0.41)            0.21 (0.41)           0.01 (0.09)",0.004285714285714
1,"mwheat","sd_low",0.41,0.415299732236633,"Main crop is wheat                                   0.21 (0.41)            0.21 (0.41)           0.01 (0.09)",0.00529973223663305
1,"mwheat","difference",0.01,0.0059523809523809,"Main crop is wheat                                   0.21 (0.41)            0.21 (0.41)           0.01 (0.09)",-0.0040476190476191
1,"mwheat","pooled_se",0.09,0.0871982716257651,"Main crop is wheat                                   0.21 (0.41)            0.21 (0.41)           0.01 (0.09)",-0.00280172837423492
1,"ppaddy","mean_high",323.4,323.414634146341,"Price of paddy (Rs/100 kg)                         323.4 (56.8)          344.2 (109.1)           20.8 (19.8)",0.0146341463409954
1,"ppaddy","sd_high",56.8,56.8489118672276,"Price of paddy (Rs/100 kg)                         323.4 (56.8)          344.2 (109.1)           20.8 (19.8)",0.0489118672276021
1,"ppaddy","mean_low",344.2,344.21875,"Price of paddy (Rs/100 kg)                         323.4 (56.8)          344.2 (109.1)           20.8 (19.8)",0.0187500000000114
1,"ppaddy","sd_low",109.1,109.147055100432,"Price of paddy (Rs/100 kg)                         323.4 (56.8)          344.2 (109.1)           20.8 (19.8)",0.0470551004320043
1,"ppaddy","difference",20.8,20.8041158536585,"Price of paddy (Rs/100 kg)                         323.4 (56.8)          344.2 (109.1)           20.8 (19.8)",0.00411585365850087
1,"ppaddy","pooled_se",19.8,19.7665848537276,"Price of paddy (Rs/100 kg)                         323.4 (56.8)          344.2 (109.1)           20.8 (19.8)",-0.0334151462724108
1,"pwheat","mean_high",455.7,455.744680851064,"Price of wheat (Rs/100 kg)                         455.7 (70.6)          455.0 (71.5)           −0.7 (15.1)",0.0446808510640153
1,"pwheat","sd_high",70.6,70.579732306066,"Price of wheat (Rs/100 kg)                         455.7 (70.6)          455.0 (71.5)           −0.7 (15.1)",-0.0202676939339881
1,"pwheat","mean_low",455,455,"Price of wheat (Rs/100 kg)                         455.7 (70.6)          455.0 (71.5)           −0.7 (15.1)",0
1,"pwheat","sd_low",71.5,71.4996162363912,"Price of wheat (Rs/100 kg)                         455.7 (70.6)          455.0 (71.5)           −0.7 (15.1)",-0.000383763608795107
1,"pwheat","difference",-0.7,-0.744680851063833,"Price of wheat (Rs/100 kg)                         455.7 (70.6)          455.0 (71.5)           −0.7 (15.1)",-0.044680851063833
1,"pwheat","pooled_se",15.1,15.0789062495705,"Price of wheat (Rs/100 kg)                         455.7 (70.6)          455.0 (71.5)           −0.7 (15.1)",-0.0210937504294755
1,"noflood","mean_high",0.46,0.458333333333333,"Almost no land suffers from floods                   0.46 (0.50)            0.40 (0.50)         −0.05 (0.11)",-0.00166666666666704
1,"noflood","sd_high",0.5,0.503533612870859,"Almost no land suffers from floods                   0.46 (0.50)            0.40 (0.50)         −0.05 (0.11)",0.00353361287085896
1,"noflood","mean_low",0.4,0.404761904761905,"Almost no land suffers from floods                   0.46 (0.50)            0.40 (0.50)         −0.05 (0.11)",0.00476190476190497
1,"noflood","sd_low",0.5,0.496795772414547,"Almost no land suffers from floods                   0.46 (0.50)            0.40 (0.50)         −0.05 (0.11)",-0.00320422758545302
1,"noflood","difference",-0.05,-0.0535714285714286,"Almost no land suffers from floods                   0.46 (0.50)            0.40 (0.50)         −0.05 (0.11)",-0.0035714285714286
1,"noflood","pooled_se",0.11,0.105729997296822,"Almost no land suffers from floods                   0.46 (0.50)            0.40 (0.50)         −0.05 (0.11)",-0.00427000270317836
1,"noalkal","mean_high",0.71,0.708333333333333,"Almost no land suffers from alkalinity               0.71 (0.46)            0.74 (0.44)           0.03 (0.1)",-0.00166666666666693
1,"noalkal","sd_high",0.46,0.459339643185104,"Almost no land suffers from alkalinity               0.71 (0.46)            0.74 (0.44)           0.03 (0.1)",-0.000660356814896013
1,"noalkal","mean_low",0.74,0.738095238095238,"Almost no land suffers from alkalinity               0.71 (0.46)            0.74 (0.44)           0.03 (0.1)",-0.00190476190476196
1,"noalkal","sd_low",0.44,0.445000619869331,"Almost no land suffers from alkalinity               0.71 (0.46)            0.74 (0.44)           0.03 (0.1)",0.00500061986933098
1,"noalkal","difference",0.03,0.0297619047619049,"Almost no land suffers from alkalinity               0.71 (0.46)            0.74 (0.44)           0.03 (0.1)",-0.0002380952380951
1,"noalkal","pooled_se",0.1,0.0956536018619535,"Almost no land suffers from alkalinity               0.71 (0.46)            0.74 (0.44)           0.03 (0.1)",-0.00434639813804651
1,"nowaterlog","mean_high",0.48,0.479166666666667,"Almost no land suffers from waterlogging              0.48 (0.50)           0.57 (0.50)           0.09 (0.11)",-0.000833333333332964
1,"nowaterlog","sd_high",0.5,0.504852341308647,"Almost no land suffers from waterlogging              0.48 (0.50)           0.57 (0.50)           0.09 (0.11)",0.00485234130864698
1,"nowaterlog","mean_low",0.57,0.571428571428572,"Almost no land suffers from waterlogging              0.48 (0.50)           0.57 (0.50)           0.09 (0.11)",0.001428571428572
1,"nowaterlog","sd_low",0.5,0.500870322677809,"Almost no land suffers from waterlogging              0.48 (0.50)           0.57 (0.50)           0.09 (0.11)",0.000870322677808955
1,"nowaterlog","difference",0.09,0.0922619047619049,"Almost no land suffers from waterlogging              0.48 (0.50)           0.57 (0.50)           0.09 (0.11)",0.00226190476190491
1,"nowaterlog","pooled_se",0.11,0.106278359833327,"Almost no land suffers from waterlogging              0.48 (0.50)           0.57 (0.50)           0.09 (0.11)",-0.0037216401666732
1,"nosoiler","mean_high",0.75,0.75,"Almost no land suffers from soil erosion              0.75 (0.44)           0.71 (0.46)         −0.04 (0.09)",0
1,"nosoiler","sd_high",0.44,0.437594974493684,"Almost no land suffers from soil erosion              0.75 (0.44)           0.71 (0.46)         −0.04 (0.09)",-0.00240502550631599
1,"nosoiler","mean_low",0.71,0.714285714285714,"Almost no land suffers from soil erosion              0.75 (0.44)           0.71 (0.46)         −0.04 (0.09)",0.004285714285714
1,"nosoiler","sd_low",0.46,0.457229956859213,"Almost no land suffers from soil erosion              0.75 (0.44)           0.71 (0.46)         −0.04 (0.09)",-0.00277004314078699
1,"nosoiler","difference",-0.04,-0.0357142857142857,"Almost no land suffers from soil erosion              0.75 (0.44)           0.71 (0.46)         −0.04 (0.09)",0.0042857142857143
1,"nosoiler","pooled_se",0.09,0.0944143897636062,"Almost no land suffers from soil erosion              0.75 (0.44)           0.71 (0.46)         −0.04 (0.09)",0.0044143897636062
2,"literate","mean_high",0.33,0.33277027027027,"Literate                                     0.33 (0.47)              0.47 (0.50)                   0.14 (0.03)***",0.00277027027026999
2,"literate","sd_high",0.47,0.471603551629872,"Literate                                     0.33 (0.47)              0.47 (0.50)                   0.14 (0.03)***",0.00160355162987202
2,"literate","mean_low",0.47,0.472340425531915,"Literate                                     0.33 (0.47)              0.47 (0.50)                   0.14 (0.03)***",0.00234042553191505
2,"literate","sd_low",0.5,0.499588805774242,"Literate                                     0.33 (0.47)              0.47 (0.50)                   0.14 (0.03)***",-0.000411194225758027
2,"literate","difference",0.14,0.139570155261645,"Literate                                     0.33 (0.47)              0.47 (0.50)                   0.14 (0.03)***",-0.000429844738355001
2,"literate","pooled_se",0.03,0.0271492859941235,"Literate                                     0.33 (0.47)              0.47 (0.50)                   0.14 (0.03)***",-0.00285071400587651
2,"totinc","mean_high",3999,3998.96005988765,"Total income                             3,999.0 (6,590.6)        7,524.5 (16,173.3)            3,525.5 (709.6)***",-0.0399401123499956
2,"totinc","sd_high",6590.6,6590.57282498422,"Total income                             3,999.0 (6,590.6)        7,524.5 (16,173.3)            3,525.5 (709.6)***",-0.0271750157808128
2,"totinc","mean_low",7524.5,7524.48949859838,"Total income                             3,999.0 (6,590.6)        7,524.5 (16,173.3)            3,525.5 (709.6)***",-0.0105014016198766
2,"totinc","sd_low",16173.3,16173.3099713991,"Total income                             3,999.0 (6,590.6)        7,524.5 (16,173.3)            3,525.5 (709.6)***",0.00997139910032274
2,"totinc","difference",3525.5,3525.52943871073,"Total income                             3,999.0 (6,590.6)        7,524.5 (16,173.3)            3,525.5 (709.6)***",0.0294387107301191
2,"totinc","pooled_se",709.6,709.582789106515,"Total income                             3,999.0 (6,590.6)        7,524.5 (16,173.3)            3,525.5 (709.6)***",-0.0172108934852986
2,"cropinc","mean_high",1891.6,1891.61317567567,"Crop income                              1,891.6 (5,921.0)        5,201.2 (14,755.4)            3,309.6 (646.2)***",0.013175675670027
2,"cropinc","sd_high",5921,5920.98113245823,"Crop income                              1,891.6 (5,921.0)        5,201.2 (14,755.4)            3,309.6 (646.2)***",-0.0188675417703053
2,"cropinc","mean_low",5201.2,5201.21276595743,"Crop income                              1,891.6 (5,921.0)        5,201.2 (14,755.4)            3,309.6 (646.2)***",0.0127659574300196
2,"cropinc","sd_low",14755.4,14755.3681842562,"Crop income                              1,891.6 (5,921.0)        5,201.2 (14,755.4)            3,309.6 (646.2)***",-0.0318157437995978
2,"cropinc","difference",3309.6,3309.59959028176,"Crop income                              1,891.6 (5,921.0)        5,201.2 (14,755.4)            3,309.6 (646.2)***",-0.000409718240007351
2,"cropinc","pooled_se",646.2,646.171531746588,"Crop income                              1,891.6 (5,921.0)        5,201.2 (14,755.4)            3,309.6 (646.2)***",-0.0284682534122567
2,"totland","mean_high",3,3.03144577904099,"Land owned                                   3.0 (6.1)                 3.1 (4.5)                    0.1 (0.3)",0.0314457790409901
2,"totland","sd_high",6.1,6.09999577382881,"Land owned                                   3.0 (6.1)                 3.1 (4.5)                    0.1 (0.3)",-4.22617118989166e-06
2,"totland","mean_low",3.1,3.15076350181726,"Land owned                                   3.0 (6.1)                 3.1 (4.5)                    0.1 (0.3)",0.0507635018172601
2,"totland","sd_low",4.5,4.53342730058401,"Land owned                                   3.0 (6.1)                 3.1 (4.5)                    0.1 (0.3)",0.0334273005840098
2,"totland","difference",0.1,0.119317722776266,"Land owned                                   3.0 (6.1)                 3.1 (4.5)                    0.1 (0.3)",0.019317722776266
2,"totland","pooled_se",0.3,0.344681697185428,"Land owned                                   3.0 (6.1)                 3.1 (4.5)                    0.1 (0.3)",0.0446816971854281
2,"pricland","mean_high",83630,83630.3106060607,"Land value                               83,630 (59,019)          88,122 (103,418)              4,492 (5,788)",0.310606060695136
2,"pricland","sd_high",59019,59019.0007752447,"Land value                               83,630 (59,019)          88,122 (103,418)              4,492 (5,788)",0.000775244698161259
2,"pricland","mean_low",88122,88122.0670391062,"Land value                               83,630 (59,019)          88,122 (103,418)              4,492 (5,788)",0.0670391062012641
2,"pricland","sd_low",103418,103417.793268676,"Land value                               83,630 (59,019)          88,122 (103,418)              4,492 (5,788)",-0.206731323996792
2,"pricland","difference",4492,4491.75643304555,"Land value                               83,630 (59,019)          88,122 (103,418)              4,492 (5,788)",-0.243566954450216
2,"pricland","pooled_se",5788,5787.90144210663,"Land value                               83,630 (59,019)          88,122 (103,418)              4,492 (5,788)",-0.0985578933687066
2,"cropincacre","mean_high",1602.1,1602.14457966419,"Crop income/acre                         1,602.1 (2,093.2)          2,813.1(3,012.1)            1,211.0 (249.6)***",0.044579664189996
2,"cropincacre","sd_high",2093.2,2093.15709997166,"Crop income/acre                         1,602.1 (2,093.2)          2,813.1(3,012.1)            1,211.0 (249.6)***",-0.0429000283397727
2,"cropincacre","mean_low",2813.1,2813.13540496582,"Crop income/acre                         1,602.1 (2,093.2)          2,813.1(3,012.1)            1,211.0 (249.6)***",0.0354049658199074
2,"cropincacre","sd_low",3012.1,3012.07387825884,"Crop income/acre                         1,602.1 (2,093.2)          2,813.1(3,012.1)            1,211.0 (249.6)***",-0.0261217411598409
2,"cropincacre","difference",1211,1210.99082530163,"Crop income/acre                         1,602.1 (2,093.2)          2,813.1(3,012.1)            1,211.0 (249.6)***",-0.00917469837008866
2,"cropincacre","pooled_se",249.6,249.641776315717,"Crop income/acre                         1,602.1 (2,093.2)          2,813.1(3,012.1)            1,211.0 (249.6)***",0.0417763157170441
2,"tyields","mean_high",446.9,446.889442847099,"Total yields                               446.9 (780.9)           1,087.3 (1,703.7)              640.4 (91.3)***",-0.010557152900958
2,"tyields","sd_high",780.9,780.936042705123,"Total yields                               446.9 (780.9)           1,087.3 (1,703.7)              640.4 (91.3)***",0.036042705123009
2,"tyields","mean_low",1087.3,1087.27568932313,"Total yields                               446.9 (780.9)           1,087.3 (1,703.7)              640.4 (91.3)***",-0.0243106768698453
2,"tyields","sd_low",1703.7,1703.65980401656,"Total yields                               446.9 (780.9)           1,087.3 (1,703.7)              640.4 (91.3)***",-0.0401959834400714
2,"tyields","difference",640.4,640.386246476033,"Total yields                               446.9 (780.9)           1,087.3 (1,703.7)              640.4 (91.3)***",-0.0137535239670115
2,"tyields","pooled_se",91.3,91.3275750495238,"Total yields                               446.9 (780.9)           1,087.3 (1,703.7)              640.4 (91.3)***",0.0275750495237901
2,"cropvariety","mean_high",3.2,3.25432098765432,"Crop variety                                 3.2 (1.3)                 4.0 (1.7)                    0.7 (0.1)***",0.0543209876543198
2,"cropvariety","sd_high",1.3,1.30384516850912,"Crop variety                                 3.2 (1.3)                 4.0 (1.7)                    0.7 (0.1)***",0.00384516850911987
2,"cropvariety","mean_low",4,3.96730769230769,"Crop variety                                 3.2 (1.3)                 4.0 (1.7)                    0.7 (0.1)***",-0.0326923076923098
2,"cropvariety","sd_low",1.7,1.74835140115082,"Crop variety                                 3.2 (1.3)                 4.0 (1.7)                    0.7 (0.1)***",0.0483514011508202
2,"cropvariety","difference",0.7,0.712986704653372,"Crop variety                                 3.2 (1.3)                 4.0 (1.7)                    0.7 (0.1)***",0.012986704653372
2,"cropvariety","pooled_se",0.1,0.104007427065195,"Crop variety                                 3.2 (1.3)                 4.0 (1.7)                    0.7 (0.1)***",0.00400742706519454
2,"landirr","mean_high",0.78,0.783114754098361,"Percent land irrigated                      0.78 (0.33)               0.85 (0.27)                   0.06 (0.02)**",0.00311475409836104
2,"landirr","sd_high",0.33,0.336147591444256,"Percent land irrigated                      0.78 (0.33)               0.85 (0.27)                   0.06 (0.02)**",0.00614759144425597
2,"landirr","mean_low",0.85,0.846420233463035,"Percent land irrigated                      0.78 (0.33)               0.85 (0.27)                   0.06 (0.02)**",-0.0035797665369649
2,"landirr","sd_low",0.27,0.268822474627148,"Percent land irrigated                      0.78 (0.33)               0.85 (0.27)                   0.06 (0.02)**",-0.00117752537285198
2,"landirr","difference",0.06,0.0633054793646744,"Percent land irrigated                      0.78 (0.33)               0.85 (0.27)                   0.06 (0.02)**",0.0033054793646744
2,"landirr","pooled_se",0.02,0.0204265835243444,"Percent land irrigated                      0.78 (0.33)               0.85 (0.27)                   0.06 (0.02)**",0.000426583524344364
2,"tubewell","mean_high",0.4,0.39864864864865,"Tubewell irrigation                         0.40 (0.49)               0.46 (0.50)                   0.06 (0.03)**",-0.00135135135135001
2,"tubewell","sd_high",0.49,0.490034217733596,"Tubewell irrigation                         0.40 (0.49)               0.46 (0.50)                   0.06 (0.03)**",3.42177335960203e-05
2,"tubewell","mean_low",0.46,0.458156028368794,"Tubewell irrigation                         0.40 (0.49)               0.46 (0.50)                   0.06 (0.03)**",-0.00184397163120603
2,"tubewell","sd_low",0.5,0.498599747869085,"Tubewell irrigation                         0.40 (0.49)               0.46 (0.50)                   0.06 (0.03)**",-0.00140025213091499
2,"tubewell","difference",0.06,0.059507379720144,"Tubewell irrigation                         0.40 (0.49)               0.46 (0.50)                   0.06 (0.03)**",-0.000492620279855999
2,"tubewell","pooled_se",0.03,0.0275781078326449,"Tubewell irrigation                         0.40 (0.49)               0.46 (0.50)                   0.06 (0.03)**",-0.00242189216735512
2,"buywater","mean_high",0.67,0.669135802469136,"Buy water                                   0.67 (0.47)               0.75 (0.43)                   0.08 (0.03)***",-0.000864197530864086
2,"buywater","sd_high",0.47,0.471106233239584,"Buy water                                   0.67 (0.47)               0.75 (0.43)                   0.08 (0.03)***",0.00110623323958403
2,"buywater","mean_low",0.75,0.746153846153846,"Buy water                                   0.67 (0.47)               0.75 (0.43)                   0.08 (0.03)***",-0.00384615384615405
2,"buywater","sd_low",0.43,0.435629696586215,"Buy water                                   0.67 (0.47)               0.75 (0.43)                   0.08 (0.03)***",0.00562969658621498
2,"buywater","difference",0.08,0.0770180436847103,"Buy water                                   0.67 (0.47)               0.75 (0.43)                   0.08 (0.03)***",-0.0029819563152897
2,"buywater","pooled_se",0.03,0.0299226774688922,"Buy water                                   0.67 (0.47)               0.75 (0.43)                   0.08 (0.03)***",-7.73225311077701e-05
2,"ownpump","mean_high",0.13,0.130864197530864,"Tubewell owner                              0.13 (0.34)               0.24 (0.42)                   0.11 (0.03)***",0.000864197530864003
2,"ownpump","sd_high",0.34,0.337668907241962,"Tubewell owner                              0.13 (0.34)               0.24 (0.42)                   0.11 (0.03)***",-0.002331092758038
2,"ownpump","mean_low",0.24,0.236538461538462,"Tubewell owner                              0.13 (0.34)               0.24 (0.42)                   0.11 (0.03)***",-0.00346153846153799
2,"ownpump","sd_low",0.42,0.425365691544238,"Tubewell owner                              0.13 (0.34)               0.24 (0.42)                   0.11 (0.03)***",0.00536569154423799
2,"ownpump","difference",0.11,0.105674264007597,"Tubewell owner                              0.13 (0.34)               0.24 (0.42)                   0.11 (0.03)***",-0.004325735992403
2,"ownpump","pooled_se",0.03,0.0258082324793932,"Tubewell owner                              0.13 (0.34)               0.24 (0.42)                   0.11 (0.03)***",-0.00419176752060684
2,"tenant","mean_high",0.43,0.430851063829787,"Tenant                                      0.43 (0.50)               0.34 (0.47)                 −0.09 (0.04)**",0.000851063829787002
2,"tenant","sd_high",0.5,0.496517626172996,"Tenant                                      0.43 (0.50)               0.34 (0.47)                 −0.09 (0.04)**",-0.003482373827004
2,"tenant","mean_low",0.34,0.342948717948718,"Tenant                                      0.43 (0.50)               0.34 (0.47)                 −0.09 (0.04)**",0.00294871794871798
2,"tenant","sd_low",0.47,0.475457089869352,"Tenant                                      0.43 (0.50)               0.34 (0.47)                 −0.09 (0.04)**",0.00545708986935201
2,"tenant","difference",-0.09,-0.0879023458810692,"Tenant                                      0.43 (0.50)               0.34 (0.47)                 −0.09 (0.04)**",0.0020976541189308
2,"tenant","pooled_se",0.04,0.0446376121769598,"Tenant                                      0.43 (0.50)               0.34 (0.47)                 −0.09 (0.04)**",0.00463761217695975
2,"landlord","mean_high",0.08,0.0851063829787234,"Landlord                                    0.08 (0.02)               0.07 (0.01)                   0.02 (0.02)",0.0051063829787234
2,"landlord","sd_high",0.02,0.279785038496569,"Landlord                                    0.08 (0.02)               0.07 (0.01)                   0.02 (0.02)",0.259785038496569
2,"landlord","mean_low",0.07,0.0673076923076923,"Landlord                                    0.08 (0.02)               0.07 (0.01)                   0.02 (0.02)",-0.0026923076923077
2,"landlord","sd_low",0.01,0.250956616467863,"Landlord                                    0.08 (0.02)               0.07 (0.01)                   0.02 (0.02)",0.240956616467863
2,"landlord","difference",0.02,-0.0177986906710312,"Landlord                                    0.08 (0.02)               0.07 (0.01)                   0.02 (0.02)",-0.0377986906710312
2,"landlord","pooled_se",0.02,0.0242038693024062,"Landlord                                    0.08 (0.02)               0.07 (0.01)                   0.02 (0.02)",0.00420386930240621
2,"bfrelsc","mean_high",0.24,0.236526946107784,"Borrow from same caste/relative             0.24 (0.43)               0.37 (0.48)                   0.13 (0.03)***",-0.003473053892216
2,"bfrelsc","sd_high",0.43,0.425586933552319,"Borrow from same caste/relative             0.24 (0.43)               0.37 (0.48)                   0.13 (0.03)***",-0.00441306644768097
2,"bfrelsc","mean_low",0.37,0.366834170854271,"Borrow from same caste/relative             0.24 (0.43)               0.37 (0.48)                   0.13 (0.03)***",-0.00316582914572899
2,"bfrelsc","sd_low",0.48,0.48254732101195,"Borrow from same caste/relative             0.24 (0.43)               0.37 (0.48)                   0.13 (0.03)***",0.00254732101195004
2,"bfrelsc","difference",0.13,0.130307224746487,"Borrow from same caste/relative             0.24 (0.43)               0.37 (0.48)                   0.13 (0.03)***",0.000307224746487006
2,"bfrelsc","pooled_se",0.03,0.0339452731429694,"Borrow from same caste/relative             0.24 (0.43)               0.37 (0.48)                   0.13 (0.03)***",0.00394527314296939
2,"bfhcast","mean_high",0.44,0.437125748502994,"Borrow from higher caste                    0.44 (0.50)               0.21 (0.40)                 −0.23 (0.03)***",-0.00287425149700599
2,"bfhcast","sd_high",0.5,0.496775309233009,"Borrow from higher caste                    0.44 (0.50)               0.21 (0.40)                 −0.23 (0.03)***",-0.003224690766991
2,"bfhcast","mean_low",0.21,0.206030150753769,"Borrow from higher caste                    0.44 (0.50)               0.21 (0.40)                 −0.23 (0.03)***",-0.00396984924623101
2,"bfhcast","sd_low",0.4,0.404961445557958,"Borrow from higher caste                    0.44 (0.50)               0.21 (0.40)                 −0.23 (0.03)***",0.00496144555795797
2,"bfhcast","difference",-0.23,-0.231095597749225,"Borrow from higher caste                    0.44 (0.50)               0.21 (0.40)                 −0.23 (0.03)***",-0.00109559774922499
2,"bfhcast","pooled_se",0.03,0.0333318062556246,"Borrow from higher caste                    0.44 (0.50)               0.21 (0.40)                 −0.23 (0.03)***",0.00333180625562464
6,"popallcrop","mean_high",883.8,883.842473069827,"Acres cultivated            883.8          915.2        −31.3              433.4          886.0     −452.6                            (825.7)        (803.2)       (172.3)           (571.8)        (784.7)    (143.5)***",0.0424730698269968
6,"popallcrop","mean_low",915.2,915.185733250209,"Acres cultivated            883.8          915.2        −31.3              433.4          886.0     −452.6                            (825.7)        (803.2)       (172.3)           (571.8)        (784.7)    (143.5)***",-0.0142667497910907
6,"popallcrop","difference_high_minus_low",-31.3,-31.3432601803825,"Acres cultivated            883.8          915.2        −31.3              433.4          886.0     −452.6                            (825.7)        (803.2)       (172.3)           (571.8)        (784.7)    (143.5)***",-0.0432601803825001
6,"popallcrop","sd_high",825.7,825.672631238244,"Acres cultivated            883.8          915.2        −31.3              433.4          886.0     −452.6                            (825.7)        (803.2)       (172.3)           (571.8)        (784.7)    (143.5)***",-0.0273687617560654
6,"popallcrop","sd_low",803.2,803.174941702144,"Acres cultivated            883.8          915.2        −31.3              433.4          886.0     −452.6                            (825.7)        (803.2)       (172.3)           (571.8)        (784.7)    (143.5)***",-0.0250582978560487
6,"popallcrop","pooled_se",172.3,172.25680479853,"Acres cultivated            883.8          915.2        −31.3              433.4          886.0     −452.6                            (825.7)        (803.2)       (172.3)           (571.8)        (784.7)    (143.5)***",-0.0431952014701835
6,"poplowcrop","mean_high",433.4,433.454355875651,"Acres cultivated            883.8          915.2        −31.3              433.4          886.0     −452.6                            (825.7)        (803.2)       (172.3)           (571.8)        (784.7)    (143.5)***",0.0543558756510265
6,"poplowcrop","mean_low",886,886.022537231445,"Acres cultivated            883.8          915.2        −31.3              433.4          886.0     −452.6                            (825.7)        (803.2)       (172.3)           (571.8)        (784.7)    (143.5)***",0.0225372314449714
6,"poplowcrop","difference_high_minus_low",-452.6,-452.568181355794,"Acres cultivated            883.8          915.2        −31.3              433.4          886.0     −452.6                            (825.7)        (803.2)       (172.3)           (571.8)        (784.7)    (143.5)***",0.0318186442059982
6,"poplowcrop","sd_high",571.8,571.767144267132,"Acres cultivated            883.8          915.2        −31.3              433.4          886.0     −452.6                            (825.7)        (803.2)       (172.3)           (571.8)        (784.7)    (143.5)***",-0.0328557328679153
6,"poplowcrop","sd_low",784.7,784.754582457436,"Acres cultivated            883.8          915.2        −31.3              433.4          886.0     −452.6                            (825.7)        (803.2)       (172.3)           (571.8)        (784.7)    (143.5)***",0.0545824574359131
6,"poplowcrop","pooled_se",143.5,143.540856297911,"Acres cultivated            883.8          915.2        −31.3              433.4          886.0     −452.6                            (825.7)        (803.2)       (172.3)           (571.8)        (784.7)    (143.5)***",0.0408562979112901
6,"popallland","mean_high",468.6,468.578818509976,"Acres owned                 468.6          436.4          32.2             172.3          415.8     −243.5                            (436.5)        (414.4)        (90.1)           (277.5)        (403.8)     (72.3)***",-0.0211814900240483
6,"popallland","mean_low",436.4,436.386000224522,"Acres owned                 468.6          436.4          32.2             172.3          415.8     −243.5                            (436.5)        (414.4)        (90.1)           (277.5)        (403.8)     (72.3)***",-0.0139997754779984
6,"popallland","difference_high_minus_low",32.2,32.1928182854539,"Acres owned                 468.6          436.4          32.2             172.3          415.8     −243.5                            (436.5)        (414.4)        (90.1)           (277.5)        (403.8)     (72.3)***",-0.00718171454609973
6,"popallland","sd_high",436.5,436.540867734541,"Acres owned                 468.6          436.4          32.2             172.3          415.8     −243.5                            (436.5)        (414.4)        (90.1)           (277.5)        (403.8)     (72.3)***",0.0408677345409956
6,"popallland","sd_low",414.4,414.414641915278,"Acres owned                 468.6          436.4          32.2             172.3          415.8     −243.5                            (436.5)        (414.4)        (90.1)           (277.5)        (403.8)     (72.3)***",0.0146419152780481
6,"popallland","pooled_se",90.1,90.0881489803054,"Acres owned                 468.6          436.4          32.2             172.3          415.8     −243.5                            (436.5)        (414.4)        (90.1)           (277.5)        (403.8)     (72.3)***",-0.0118510196946033
6,"poplowland","mean_high",172.3,172.303684915106,"Acres owned                 468.6          436.4          32.2             172.3          415.8     −243.5                            (436.5)        (414.4)        (90.1)           (277.5)        (403.8)     (72.3)***",0.00368491510599256
6,"poplowland","mean_low",415.8,415.824919110253,"Acres owned                 468.6          436.4          32.2             172.3          415.8     −243.5                            (436.5)        (414.4)        (90.1)           (277.5)        (403.8)     (72.3)***",0.0249191102529949
6,"poplowland","difference_high_minus_low",-243.5,-243.521234195147,"Acres owned                 468.6          436.4          32.2             172.3          415.8     −243.5                            (436.5)        (414.4)        (90.1)           (277.5)        (403.8)     (72.3)***",-0.0212341951470023
6,"poplowland","sd_high",277.5,277.508305864628,"Acres owned                 468.6          436.4          32.2             172.3          415.8     −243.5                            (436.5)        (414.4)        (90.1)           (277.5)        (403.8)     (72.3)***",0.00830586462802785
6,"poplowland","sd_low",403.8,403.778783194418,"Acres owned                 468.6          436.4          32.2             172.3          415.8     −243.5                            (436.5)        (414.4)        (90.1)           (277.5)        (403.8)     (72.3)***",-0.0212168055820143
6,"poplowland","pooled_se",72.3,72.3000206984621,"Acres owned                 468.6          436.4          32.2             172.3          415.8     −243.5                            (436.5)        (414.4)        (90.1)           (277.5)        (403.8)     (72.3)***",2.06984621513584e-05
6,"popall","mean_high",208.1,208.145833333333,"Population                  208.1          236.9         −28.7             140.0          230.8     −90.7                            (127.2)        (140.1)         (28.2)           (92.9)        (136.6)     (24.4)***",0.0458333333330074
6,"popall","mean_low",236.9,236.880952380952,"Population                  208.1          236.9         −28.7             140.0          230.8     −90.7                            (127.2)        (140.1)         (28.2)           (92.9)        (136.6)     (24.4)***",-0.0190476190479956
6,"popall","difference_high_minus_low",-28.7,-28.7351190476191,"Population                  208.1          236.9         −28.7             140.0          230.8     −90.7                            (127.2)        (140.1)         (28.2)           (92.9)        (136.6)     (24.4)***",-0.0351190476191015
6,"popall","sd_high",127.2,127.226551086707,"Population                  208.1          236.9         −28.7             140.0          230.8     −90.7                            (127.2)        (140.1)         (28.2)           (92.9)        (136.6)     (24.4)***",0.026551086707002
6,"popall","sd_low",140.1,140.105744451607,"Population                  208.1          236.9         −28.7             140.0          230.8     −90.7                            (127.2)        (140.1)         (28.2)           (92.9)        (136.6)     (24.4)***",0.00574445160700066
6,"popall","pooled_se",28.2,28.1820703794603,"Population                  208.1          236.9         −28.7             140.0          230.8     −90.7                            (127.2)        (140.1)         (28.2)           (92.9)        (136.6)     (24.4)***",-0.017929620539693
6,"poplow","mean_high",140,140.020833333333,"Population                  208.1          236.9         −28.7             140.0          230.8     −90.7                            (127.2)        (140.1)         (28.2)           (92.9)        (136.6)     (24.4)***",0.0208333333330017
6,"poplow","mean_low",230.8,230.761904761905,"Population                  208.1          236.9         −28.7             140.0          230.8     −90.7                            (127.2)        (140.1)         (28.2)           (92.9)        (136.6)     (24.4)***",-0.0380952380950248
6,"poplow","difference_high_minus_low",-90.7,-90.7410714285714,"Population                  208.1          236.9         −28.7             140.0          230.8     −90.7                            (127.2)        (140.1)         (28.2)           (92.9)        (136.6)     (24.4)***",-0.0410714285713993
6,"poplow","sd_high",92.9,92.9244693476702,"Population                  208.1          236.9         −28.7             140.0          230.8     −90.7                            (127.2)        (140.1)         (28.2)           (92.9)        (136.6)     (24.4)***",0.0244693476701912
6,"poplow","sd_low",136.6,136.595327121411,"Population                  208.1          236.9         −28.7             140.0          230.8     −90.7                            (127.2)        (140.1)         (28.2)           (92.9)        (136.6)     (24.4)***",-0.00467287858899113
6,"poplow","pooled_se",24.4,24.3714886562428,"Population                  208.1          236.9         −28.7             140.0          230.8     −90.7                            (127.2)        (140.1)         (28.2)           (92.9)        (136.6)     (24.4)***",-0.0285113437571916
6,"buypop","mean_high",0.7,0.703903522652884,"Buyers per capita            0.70           0.75          −0.05             0.73           0.75      −0.02                             (0.27)         (0.22)          (0.05)          (0.31)         (0.23)      (0.06)",0.00390352265288407
6,"buypop","mean_low",0.75,0.75211093415107,"Buyers per capita            0.70           0.75          −0.05             0.73           0.75      −0.02                             (0.27)         (0.22)          (0.05)          (0.31)         (0.23)      (0.06)",0.00211093415107
6,"buypop","difference_high_minus_low",-0.05,-0.0482074114981861,"Buyers per capita            0.70           0.75          −0.05             0.73           0.75      −0.02                             (0.27)         (0.22)          (0.05)          (0.31)         (0.23)      (0.06)",0.0017925885018139
6,"buypop","sd_high",0.27,0.273047683722757,"Buyers per capita            0.70           0.75          −0.05             0.73           0.75      −0.02                             (0.27)         (0.22)          (0.05)          (0.31)         (0.23)      (0.06)",0.00304768372275699
6,"buypop","sd_low",0.22,0.224085072536189,"Buyers per capita            0.70           0.75          −0.05             0.73           0.75      −0.02                             (0.27)         (0.22)          (0.05)          (0.31)         (0.23)      (0.06)",0.004085072536189
6,"buypop","pooled_se",0.05,0.0531231649589228,"Buyers per capita            0.70           0.75          −0.05             0.73           0.75      −0.02                             (0.27)         (0.22)          (0.05)          (0.31)         (0.23)      (0.06)",0.00312316495892283
6,"buywater","mean_high",0.73,0.732490491835361,"Buyers per capita            0.70           0.75          −0.05             0.73           0.75      −0.02                             (0.27)         (0.22)          (0.05)          (0.31)         (0.23)      (0.06)",0.00249049183536099
6,"buywater","mean_low",0.75,0.750679477871883,"Buyers per capita            0.70           0.75          −0.05             0.73           0.75      −0.02                             (0.27)         (0.22)          (0.05)          (0.31)         (0.23)      (0.06)",0.00067947787188305
6,"buywater","difference_high_minus_low",-0.02,-0.0181889860365226,"Buyers per capita            0.70           0.75          −0.05             0.73           0.75      −0.02                             (0.27)         (0.22)          (0.05)          (0.31)         (0.23)      (0.06)",0.0018110139634774
6,"buywater","sd_high",0.31,0.309959954889007,"Buyers per capita            0.70           0.75          −0.05             0.73           0.75      −0.02                             (0.27)         (0.22)          (0.05)          (0.31)         (0.23)      (0.06)",-4.00451109929811e-05
6,"buywater","sd_low",0.23,0.233284780508136,"Buyers per capita            0.70           0.75          −0.05             0.73           0.75      −0.02                             (0.27)         (0.22)          (0.05)          (0.31)         (0.23)      (0.06)",0.00328478050813599
6,"buywater","pooled_se",0.06,0.058707982727923,"Buyers per capita            0.70           0.75          −0.05             0.73           0.75      −0.02                             (0.27)         (0.22)          (0.05)          (0.31)         (0.23)      (0.06)",-0.00129201727207702
6,"abuycrop","mean_high",0.21,0.214648967026733,"Buyers/land cultivated       0.21           0.22          −0.003            0.42           0.22        0.20                             (0.24)         (0.15)          (0.04)          (0.54)         (0.16)      (0.09)**",0.00464896702673301
6,"abuycrop","mean_low",0.22,0.217992869904265,"Buyers/land cultivated       0.21           0.22          −0.003            0.42           0.22        0.20                             (0.24)         (0.15)          (0.04)          (0.54)         (0.16)      (0.09)**",-0.002007130095735
6,"abuycrop","difference_high_minus_low",-0.003,-0.00334390287753195,"Buyers/land cultivated       0.21           0.22          −0.003            0.42           0.22        0.20                             (0.24)         (0.15)          (0.04)          (0.54)         (0.16)      (0.09)**",-0.00034390287753195
6,"abuycrop","sd_high",0.24,0.245269072315248,"Buyers/land cultivated       0.21           0.22          −0.003            0.42           0.22        0.20                             (0.24)         (0.15)          (0.04)          (0.54)         (0.16)      (0.09)**",0.00526907231524801
6,"abuycrop","sd_low",0.15,0.15330492501934,"Buyers/land cultivated       0.21           0.22          −0.003            0.42           0.22        0.20                             (0.24)         (0.15)          (0.04)          (0.54)         (0.16)      (0.09)**",0.00330492501934002
6,"abuycrop","pooled_se",0.04,0.043854082706606,"Buyers/land cultivated       0.21           0.22          −0.003            0.42           0.22        0.20                             (0.24)         (0.15)          (0.04)          (0.54)         (0.16)      (0.09)**",0.00385408270660596
6,"lbuycrop","mean_high",0.42,0.415616144426167,"Buyers/land cultivated       0.21           0.22          −0.003            0.42           0.22        0.20                             (0.24)         (0.15)          (0.04)          (0.54)         (0.16)      (0.09)**",-0.00438385557383297
6,"lbuycrop","mean_low",0.22,0.220035811076828,"Buyers/land cultivated       0.21           0.22          −0.003            0.42           0.22        0.20                             (0.24)         (0.15)          (0.04)          (0.54)         (0.16)      (0.09)**",3.58110768279851e-05
6,"lbuycrop","difference_high_minus_low",0.2,0.195580333349339,"Buyers/land cultivated       0.21           0.22          −0.003            0.42           0.22        0.20                             (0.24)         (0.15)          (0.04)          (0.54)         (0.16)      (0.09)**",-0.00441966665066101
6,"lbuycrop","sd_high",0.54,0.5439837710965,"Buyers/land cultivated       0.21           0.22          −0.003            0.42           0.22        0.20                             (0.24)         (0.15)          (0.04)          (0.54)         (0.16)      (0.09)**",0.00398377109649994
6,"lbuycrop","sd_low",0.16,0.156465580371675,"Buyers/land cultivated       0.21           0.22          −0.003            0.42           0.22        0.20                             (0.24)         (0.15)          (0.04)          (0.54)         (0.16)      (0.09)**",-0.00353441962832501
6,"lbuycrop","pooled_se",0.09,0.0870313735962022,"Buyers/land cultivated       0.21           0.22          −0.003            0.42           0.22        0.20                             (0.24)         (0.15)          (0.04)          (0.54)         (0.16)      (0.09)**",-0.00296862640379775
6,"abuyland","mean_high",0.62,0.621178437121368,"Buyers/land owned            0.62           0.46            0.16            1.45           0.47        0.99                             (1.90)         (0.33)          (0.30)          (2.32)         (0.33)      (0.36)***",0.001178437121368
6,"abuyland","mean_low",0.46,0.455869099746148,"Buyers/land owned            0.62           0.46            0.16            1.45           0.47        0.99                             (1.90)         (0.33)          (0.30)          (2.32)         (0.33)      (0.36)***",-0.00413090025385204
6,"abuyland","difference_high_minus_low",0.16,0.16530933737522,"Buyers/land owned            0.62           0.46            0.16            1.45           0.47        0.99                             (1.90)         (0.33)          (0.30)          (2.32)         (0.33)      (0.36)***",0.00530933737521999
6,"abuyland","sd_high",1.9,1.89915420293149,"Buyers/land owned            0.62           0.46            0.16            1.45           0.47        0.99                             (1.90)         (0.33)          (0.30)          (2.32)         (0.33)      (0.36)***",-0.000845797068509846
6,"abuyland","sd_low",0.33,0.332607706435118,"Buyers/land owned            0.62           0.46            0.16            1.45           0.47        0.99                             (1.90)         (0.33)          (0.30)          (2.32)         (0.33)      (0.36)***",0.00260770643511798
6,"abuyland","pooled_se",0.3,0.297151245029728,"Buyers/land owned            0.62           0.46            0.16            1.45           0.47        0.99                             (1.90)         (0.33)          (0.30)          (2.32)         (0.33)      (0.36)***",-0.00284875497027198
6,"lbuyland","mean_high",1.45,1.45338428698723,"Buyers/land owned            0.62           0.46            0.16            1.45           0.47        0.99                             (1.90)         (0.33)          (0.30)          (2.32)         (0.33)      (0.36)***",0.00338428698723003
6,"lbuyland","mean_low",0.47,0.465606093672769,"Buyers/land owned            0.62           0.46            0.16            1.45           0.47        0.99                             (1.90)         (0.33)          (0.30)          (2.32)         (0.33)      (0.36)***",-0.00439390632723097
6,"lbuyland","difference_high_minus_low",0.99,0.987778193314461,"Buyers/land owned            0.62           0.46            0.16            1.45           0.47        0.99                             (1.90)         (0.33)          (0.30)          (2.32)         (0.33)      (0.36)***",-0.00222180668553895
6,"lbuyland","sd_high",2.32,2.32301538481315,"Buyers/land owned            0.62           0.46            0.16            1.45           0.47        0.99                             (1.90)         (0.33)          (0.30)          (2.32)         (0.33)      (0.36)***",0.00301538481315022
6,"lbuyland","sd_low",0.33,0.334450381523445,"Buyers/land owned            0.62           0.46            0.16            1.45           0.47        0.99                             (1.90)         (0.33)          (0.30)          (2.32)         (0.33)      (0.36)***",0.00445038152344496
6,"lbuyland","pooled_se",0.36,0.362000860136107,"Buyers/land owned            0.62           0.46            0.16            1.45           0.47        0.99                             (1.90)         (0.33)          (0.30)          (2.32)         (0.33)      (0.36)***",0.00200086013610684
6,"sellpop","mean_high",0.1,0.0966614076557259,"Sellers per capita           0.10           0.12          −0.02             0.06           0.11       −0.05                             (0.11)         (0.11)          (0.02)          (0.11)         (0.12)       (0.02)**",-0.00333859234427411
6,"sellpop","mean_low",0.12,0.116414012653487,"Sellers per capita           0.10           0.12          −0.02             0.06           0.11       −0.05                             (0.11)         (0.11)          (0.02)          (0.11)         (0.12)       (0.02)**",-0.003585987346513
6,"sellpop","difference_high_minus_low",-0.02,-0.0197526049977612,"Sellers per capita           0.10           0.12          −0.02             0.06           0.11       −0.05                             (0.11)         (0.11)          (0.02)          (0.11)         (0.12)       (0.02)**",0.0002473950022388
6,"sellpop","sd_high",0.11,0.108069143298274,"Sellers per capita           0.10           0.12          −0.02             0.06           0.11       −0.05                             (0.11)         (0.11)          (0.02)          (0.11)         (0.12)       (0.02)**",-0.00193085670172601
6,"sellpop","sd_low",0.11,0.113753711201919,"Sellers per capita           0.10           0.12          −0.02             0.06           0.11       −0.05                             (0.11)         (0.11)          (0.02)          (0.11)         (0.12)       (0.02)**",0.003753711201919
6,"sellpop","pooled_se",0.02,0.0234010414132766,"Sellers per capita           0.10           0.12          −0.02             0.06           0.11       −0.05                             (0.11)         (0.11)          (0.02)          (0.11)         (0.12)       (0.02)**",0.00340104141327663
6,"sellwater","mean_high",0.06,0.0623429151291543,"Sellers per capita           0.10           0.12          −0.02             0.06           0.11       −0.05                             (0.11)         (0.11)          (0.02)          (0.11)         (0.12)       (0.02)**",0.0023429151291543
6,"sellwater","mean_low",0.11,0.115338388919121,"Sellers per capita           0.10           0.12          −0.02             0.06           0.11       −0.05                             (0.11)         (0.11)          (0.02)          (0.11)         (0.12)       (0.02)**",0.005338388919121
6,"sellwater","difference_high_minus_low",-0.05,-0.0529954737899665,"Sellers per capita           0.10           0.12          −0.02             0.06           0.11       −0.05                             (0.11)         (0.11)          (0.02)          (0.11)         (0.12)       (0.02)**",-0.0029954737899665
6,"sellwater","sd_high",0.11,0.106700449954903,"Sellers per capita           0.10           0.12          −0.02             0.06           0.11       −0.05                             (0.11)         (0.11)          (0.02)          (0.11)         (0.12)       (0.02)**",-0.00329955004509699
6,"sellwater","sd_low",0.12,0.11606935274185,"Sellers per capita           0.10           0.12          −0.02             0.06           0.11       −0.05                             (0.11)         (0.11)          (0.02)          (0.11)         (0.12)       (0.02)**",-0.00393064725815
6,"sellwater","pooled_se",0.02,0.0236146277341236,"Sellers per capita           0.10           0.12          −0.02             0.06           0.11       −0.05                             (0.11)         (0.11)          (0.02)          (0.11)         (0.12)       (0.02)**",0.00361462773412359
6,"asellcrop","mean_high",0.02,0.0218791983982859,"Sellers/land cultivated      0.02           0.03          −0.01             0.02           0.03       −0.015                             (0.03)         (0.04)          (0.007)         (0.03)         (0.04)       (0.007)**",0.0018791983982859
6,"asellcrop","mean_low",0.03,0.0314407708744208,"Sellers/land cultivated      0.02           0.03          −0.01             0.02           0.03       −0.015                             (0.03)         (0.04)          (0.007)         (0.03)         (0.04)       (0.007)**",0.0014407708744208
6,"asellcrop","difference_high_minus_low",-0.01,-0.00956157247613495,"Sellers/land cultivated      0.02           0.03          −0.01             0.02           0.03       −0.015                             (0.03)         (0.04)          (0.007)         (0.03)         (0.04)       (0.007)**",0.00043842752386505
6,"asellcrop","sd_high",0.03,0.0285923727748951,"Sellers/land cultivated      0.02           0.03          −0.01             0.02           0.03       −0.015                             (0.03)         (0.04)          (0.007)         (0.03)         (0.04)       (0.007)**",-0.0014076272251049
6,"asellcrop","sd_low",0.04,0.0390883507879045,"Sellers/land cultivated      0.02           0.03          −0.01             0.02           0.03       −0.015                             (0.03)         (0.04)          (0.007)         (0.03)         (0.04)       (0.007)**",-0.000911649212095501
6,"asellcrop","pooled_se",0.007,0.0071604510637972,"Sellers/land cultivated      0.02           0.03          −0.01             0.02           0.03       −0.015                             (0.03)         (0.04)          (0.007)         (0.03)         (0.04)       (0.007)**",0.000160451063797195
6,"lsellcrop","mean_high",0.02,0.0162775588241663,"Sellers/land cultivated      0.02           0.03          −0.01             0.02           0.03       −0.015                             (0.03)         (0.04)          (0.007)         (0.03)         (0.04)       (0.007)**",-0.0037224411758337
6,"lsellcrop","mean_low",0.03,0.0310495283809446,"Sellers/land cultivated      0.02           0.03          −0.01             0.02           0.03       −0.015                             (0.03)         (0.04)          (0.007)         (0.03)         (0.04)       (0.007)**",0.0010495283809446
6,"lsellcrop","difference_high_minus_low",-0.015,-0.0147719695567783,"Sellers/land cultivated      0.02           0.03          −0.01             0.02           0.03       −0.015                             (0.03)         (0.04)          (0.007)         (0.03)         (0.04)       (0.007)**",0.0002280304432217
6,"lsellcrop","sd_high",0.03,0.0300953126495795,"Sellers/land cultivated      0.02           0.03          −0.01             0.02           0.03       −0.015                             (0.03)         (0.04)          (0.007)         (0.03)         (0.04)       (0.007)**",9.53126495795015e-05
6,"lsellcrop","sd_low",0.04,0.0398238098569822,"Sellers/land cultivated      0.02           0.03          −0.01             0.02           0.03       −0.015                             (0.03)         (0.04)          (0.007)         (0.03)         (0.04)       (0.007)**",-0.000176190143017799
6,"lsellcrop","pooled_se",0.007,0.00743562106111498,"Sellers/land cultivated      0.02           0.03          −0.01             0.02           0.03       −0.015                             (0.03)         (0.04)          (0.007)         (0.03)         (0.04)       (0.007)**",0.00043562106111498
6,"asellland","mean_high",0.05,0.047580010771829,"Sellers/land owned           0.05           0.06          −0.01             0.04           0.06       −0.02                             (0.07)         (0.06)          (0.01)          (0.08)         (0.06)       (0.01)",-0.002419989228171
6,"asellland","mean_low",0.06,0.0627388357672663,"Sellers/land owned           0.05           0.06          −0.01             0.04           0.06       −0.02                             (0.07)         (0.06)          (0.01)          (0.08)         (0.06)       (0.01)",0.0027388357672663
6,"asellland","difference_high_minus_low",-0.01,-0.0151588249954373,"Sellers/land owned           0.05           0.06          −0.01             0.04           0.06       −0.02                             (0.07)         (0.06)          (0.01)          (0.08)         (0.06)       (0.01)",-0.0051588249954373
6,"asellland","sd_high",0.07,0.0666295307444044,"Sellers/land owned           0.05           0.06          −0.01             0.04           0.06       −0.02                             (0.07)         (0.06)          (0.01)          (0.08)         (0.06)       (0.01)",-0.0033704692555956
6,"asellland","sd_low",0.06,0.065267070041831,"Sellers/land owned           0.05           0.06          −0.01             0.04           0.06       −0.02                             (0.07)         (0.06)          (0.01)          (0.08)         (0.06)       (0.01)",0.005267070041831
6,"asellland","pooled_se",0.01,0.013944674914987,"Sellers/land owned           0.05           0.06          −0.01             0.04           0.06       −0.02                             (0.07)         (0.06)          (0.01)          (0.08)         (0.06)       (0.01)",0.00394467491498701
6,"lsellland","mean_high",0.04,0.0429604179225862,"Sellers/land owned           0.05           0.06          −0.01             0.04           0.06       −0.02                             (0.07)         (0.06)          (0.01)          (0.08)         (0.06)       (0.01)",0.0029604179225862
6,"lsellland","mean_low",0.06,0.0622659513194646,"Sellers/land owned           0.05           0.06          −0.01             0.04           0.06       −0.02                             (0.07)         (0.06)          (0.01)          (0.08)         (0.06)       (0.01)",0.0022659513194646
6,"lsellland","difference_high_minus_low",-0.02,-0.0193055333968784,"Sellers/land owned           0.05           0.06          −0.01             0.04           0.06       −0.02                             (0.07)         (0.06)          (0.01)          (0.08)         (0.06)       (0.01)",0.000694466603121599
6,"lsellland","sd_high",0.08,0.0773431154275011,"Sellers/land owned           0.05           0.06          −0.01             0.04           0.06       −0.02                             (0.07)         (0.06)          (0.01)          (0.08)         (0.06)       (0.01)",-0.00265688457249891
6,"lsellland","sd_low",0.06,0.0647132770479183,"Sellers/land owned           0.05           0.06          −0.01             0.04           0.06       −0.02                             (0.07)         (0.06)          (0.01)          (0.08)         (0.06)       (0.01)",0.0047132770479183
6,"lsellland","pooled_se",0.01,0.0152810360201561,"Sellers/land owned           0.05           0.06          −0.01             0.04           0.06       −0.02                             (0.07)         (0.06)          (0.01)          (0.08)         (0.06)       (0.01)",0.00528103602015609
6,"pumppop","mean_high",0.15,0.145887742284685,"Pumps per capita             0.15           0.18          −0.03             0.09           0.23       −0.14                             (0.11)         (0.14)          (0.03)          (0.13)         (0.17)       (0.03)***",-0.00411225771531498
6,"pumppop","mean_low",0.18,0.180447314023262,"Pumps per capita             0.15           0.18          −0.03             0.09           0.23       −0.14                             (0.11)         (0.14)          (0.03)          (0.13)         (0.17)       (0.03)***",0.000447314023262008
6,"pumppop","difference_high_minus_low",-0.03,-0.0345595717385766,"Pumps per capita             0.15           0.18          −0.03             0.09           0.23       −0.14                             (0.11)         (0.14)          (0.03)          (0.13)         (0.17)       (0.03)***",-0.0045595717385766
6,"pumppop","sd_high",0.11,0.107067327784168,"Pumps per capita             0.15           0.18          −0.03             0.09           0.23       −0.14                             (0.11)         (0.14)          (0.03)          (0.13)         (0.17)       (0.03)***",-0.002932672215832
6,"pumppop","sd_low",0.14,0.140450413576945,"Pumps per capita             0.15           0.18          −0.03             0.09           0.23       −0.14                             (0.11)         (0.14)          (0.03)          (0.13)         (0.17)       (0.03)***",0.000450413576944975
6,"pumppop","pooled_se",0.03,0.026146202690765,"Pumps per capita             0.15           0.18          −0.03             0.09           0.23       −0.14                             (0.11)         (0.14)          (0.03)          (0.13)         (0.17)       (0.03)***",-0.00385379730923495
6,"ownpump","mean_high",0.09,0.0904620613189454,"Pumps per capita             0.15           0.18          −0.03             0.09           0.23       −0.14                             (0.11)         (0.14)          (0.03)          (0.13)         (0.17)       (0.03)***",0.000462061318945398
6,"ownpump","mean_low",0.23,0.228980404191783,"Pumps per capita             0.15           0.18          −0.03             0.09           0.23       −0.14                             (0.11)         (0.14)          (0.03)          (0.13)         (0.17)       (0.03)***",-0.00101959580821701
6,"ownpump","difference_high_minus_low",-0.14,-0.138518342872838,"Pumps per capita             0.15           0.18          −0.03             0.09           0.23       −0.14                             (0.11)         (0.14)          (0.03)          (0.13)         (0.17)       (0.03)***",0.001481657127162
6,"ownpump","sd_high",0.13,0.134606615272115,"Pumps per capita             0.15           0.18          −0.03             0.09           0.23       −0.14                             (0.11)         (0.14)          (0.03)          (0.13)         (0.17)       (0.03)***",0.00460661527211501
6,"ownpump","sd_low",0.17,0.165772524150095,"Pumps per capita             0.15           0.18          −0.03             0.09           0.23       −0.14                             (0.11)         (0.14)          (0.03)          (0.13)         (0.17)       (0.03)***",-0.00422747584990502
6,"ownpump","pooled_se",0.03,0.0318719770708398,"Pumps per capita             0.15           0.18          −0.03             0.09           0.23       −0.14                             (0.11)         (0.14)          (0.03)          (0.13)         (0.17)       (0.03)***",0.00187197707083978
6,"aowncrop","mean_high",0.04,0.042748936781815,"Pumps/land cultivated        0.04           0.06          −0.015            0.02           0.06       −0.03                             (0.03)         (0.06)          (0.01)          (0.03)         (0.06)       (0.01)***",0.002748936781815
6,"aowncrop","mean_low",0.06,0.0578815298753657,"Pumps/land cultivated        0.04           0.06          −0.015            0.02           0.06       −0.03                             (0.03)         (0.06)          (0.01)          (0.03)         (0.06)       (0.01)***",-0.0021184701246343
6,"aowncrop","difference_high_minus_low",-0.015,-0.0151325930935508,"Pumps/land cultivated        0.04           0.06          −0.015            0.02           0.06       −0.03                             (0.03)         (0.06)          (0.01)          (0.03)         (0.06)       (0.01)***",-0.000132593093550801
6,"aowncrop","sd_high",0.03,0.0350621694465867,"Pumps/land cultivated        0.04           0.06          −0.015            0.02           0.06       −0.03                             (0.03)         (0.06)          (0.01)          (0.03)         (0.06)       (0.01)***",0.0050621694465867
6,"aowncrop","sd_low",0.06,0.056053477107971,"Pumps/land cultivated        0.04           0.06          −0.015            0.02           0.06       −0.03                             (0.03)         (0.06)          (0.01)          (0.03)         (0.06)       (0.01)***",-0.003946522892029
6,"aowncrop","pooled_se",0.01,0.00972953550976069,"Pumps/land cultivated        0.04           0.06          −0.015            0.02           0.06       −0.03                             (0.03)         (0.06)          (0.01)          (0.03)         (0.06)       (0.01)***",-0.000270464490239309
6,"lowncrop","mean_high",0.02,0.0238355420321781,"Pumps/land cultivated        0.04           0.06          −0.015            0.02           0.06       −0.03                             (0.03)         (0.06)          (0.01)          (0.03)         (0.06)       (0.01)***",0.0038355420321781
6,"lowncrop","mean_low",0.06,0.0559556425793008,"Pumps/land cultivated        0.04           0.06          −0.015            0.02           0.06       −0.03                             (0.03)         (0.06)          (0.01)          (0.03)         (0.06)       (0.01)***",-0.0040443574206992
6,"lowncrop","difference_high_minus_low",-0.03,-0.0321201005471227,"Pumps/land cultivated        0.04           0.06          −0.015            0.02           0.06       −0.03                             (0.03)         (0.06)          (0.01)          (0.03)         (0.06)       (0.01)***",-0.0021201005471227
6,"lowncrop","sd_high",0.03,0.0337733311308916,"Pumps/land cultivated        0.04           0.06          −0.015            0.02           0.06       −0.03                             (0.03)         (0.06)          (0.01)          (0.03)         (0.06)       (0.01)***",0.0037733311308916
6,"lowncrop","sd_low",0.06,0.0565654373460382,"Pumps/land cultivated        0.04           0.06          −0.015            0.02           0.06       −0.03                             (0.03)         (0.06)          (0.01)          (0.03)         (0.06)       (0.01)***",-0.0034345626539618
6,"lowncrop","pooled_se",0.01,0.00975580498046927,"Pumps/land cultivated        0.04           0.06          −0.015            0.02           0.06       −0.03                             (0.03)         (0.06)          (0.01)          (0.03)         (0.06)       (0.01)***",-0.000244195019530729
6,"aownland","mean_high",0.09,0.0868092802799462,"Pumps/land owned             0.09           0.11          −0.027            0.06           0.11       −0.05                             (0.08)         (0.09)          (0.02)          (0.09)         (0.09)       (0.02)**",-0.0031907197200538
6,"aownland","mean_low",0.11,0.113521770596327,"Pumps/land owned             0.09           0.11          −0.027            0.06           0.11       −0.05                             (0.08)         (0.09)          (0.02)          (0.09)         (0.09)       (0.02)**",0.003521770596327
6,"aownland","difference_high_minus_low",-0.027,-0.0267124903163806,"Pumps/land owned             0.09           0.11          −0.027            0.06           0.11       −0.05                             (0.08)         (0.09)          (0.02)          (0.09)         (0.09)       (0.02)**",0.000287509683619399
6,"aownland","sd_high",0.08,0.0803690950179423,"Pumps/land owned             0.09           0.11          −0.027            0.06           0.11       −0.05                             (0.08)         (0.09)          (0.02)          (0.09)         (0.09)       (0.02)**",0.0003690950179423
6,"aownland","sd_low",0.09,0.08650445690632,"Pumps/land owned             0.09           0.11          −0.027            0.06           0.11       −0.05                             (0.08)         (0.09)          (0.02)          (0.09)         (0.09)       (0.02)**",-0.00349554309368
6,"aownland","pooled_se",0.02,0.0175969292248917,"Pumps/land owned             0.09           0.11          −0.027            0.06           0.11       −0.05                             (0.08)         (0.09)          (0.02)          (0.09)         (0.09)       (0.02)**",-0.00240307077510828
6,"lownland","mean_high",0.06,0.0649497356043076,"Pumps/land owned             0.09           0.11          −0.027            0.06           0.11       −0.05                             (0.08)         (0.09)          (0.02)          (0.09)         (0.09)       (0.02)**",0.0049497356043076
6,"lownland","mean_low",0.11,0.112145327408576,"Pumps/land owned             0.09           0.11          −0.027            0.06           0.11       −0.05                             (0.08)         (0.09)          (0.02)          (0.09)         (0.09)       (0.02)**",0.002145327408576
6,"lownland","difference_high_minus_low",-0.05,-0.0471955918042687,"Pumps/land owned             0.09           0.11          −0.027            0.06           0.11       −0.05                             (0.08)         (0.09)          (0.02)          (0.09)         (0.09)       (0.02)**",0.0028044081957313
6,"lownland","sd_high",0.09,0.0917070246638286,"Pumps/land owned             0.09           0.11          −0.027            0.06           0.11       −0.05                             (0.08)         (0.09)          (0.02)          (0.09)         (0.09)       (0.02)**",0.0017070246638286
6,"lownland","sd_low",0.09,0.0892611521487725,"Pumps/land owned             0.09           0.11          −0.027            0.06           0.11       −0.05                             (0.08)         (0.09)          (0.02)          (0.09)         (0.09)       (0.02)**",-0.000738847851227492
6,"lownland","pooled_se",0.02,0.0193251307415543,"Pumps/land owned             0.09           0.11          −0.027            0.06           0.11       −0.05                             (0.08)         (0.09)          (0.02)          (0.09)         (0.09)       (0.02)**",-0.000674869258445739
